date,Index Numbers ;  All groups CPI ;  Sydney ;,Index Numbers ;  All groups CPI ;  Melbourne ;,Index Numbers ;  All groups CPI ;  Brisbane ;,Index Numbers ;  All groups CPI ;  Adelaide ;,Index Numbers ;  All groups CPI ;  Perth ;,Index Numbers ;  All groups CPI ;  Hobart ;,Index Numbers ;  All groups CPI ;  Darwin ;,Index Numbers ;  All groups CPI ;  Canberra ;,Index Numbers ;  All groups CPI ;  Australia ;,Percentage Change from Corresponding Quarter of Previous Year ;  All groups CPI ;  Sydney ;,Percentage Change from Corresponding Quarter of Previous Year ;  All groups CPI ;  Melbourne ;,Percentage Change from Corresponding Quarter of Previous Year ;  All groups CPI ;  Brisbane ;,Percentage Change from Corresponding Quarter of Previous Year ;  All groups CPI ;  Adelaide ;,Percentage Change from Corresponding Quarter of Previous Year ;  All groups CPI ;  Perth ;,Percentage Change from Corresponding Quarter of Previous Year ;  All groups CPI ;  Hobart ;,Percentage Change from Corresponding Quarter of Previous Year ;  All groups CPI ;  Darwin ;,Percentage Change from Corresponding Quarter of Previous Year ;  All groups CPI ;  Canberra ;,Percentage Change from Corresponding Quarter of Previous Year ;  All groups CPI ;  Australia ;,Percentage Change from Previous Period ;  All groups CPI ;  Sydney ;,Percentage Change from Previous Period ;  All groups CPI ;  Melbourne ;,Percentage Change from Previous Period ;  All groups CPI ;  Brisbane ;,Percentage Change from Previous Period ;  All groups CPI ;  Adelaide ;,Percentage Change from Previous Period ;  All groups CPI ;  Perth ;,Percentage Change from Previous Period ;  All groups CPI ;  Hobart ;,Percentage Change from Previous Period ;  All groups CPI ;  Darwin ;,Percentage Change from Previous Period ;  All groups CPI ;  Canberra ;,Percentage Change from Previous Period ;  All groups CPI ;  Australia ;,Index Numbers ;  Food and non-alcoholic beverages ;  Australia ;,Index Numbers ;  Alcohol and tobacco ;  Australia ;,Index Numbers ;  Clothing and footwear ;  Australia ;,Index Numbers ;  Housing ;  Australia ;,"Index Numbers ;  Furnishings, household equipment and services ;  Australia ;",Index Numbers ;  Health ;  Australia ;,Index Numbers ;  Transport ;  Australia ;,Index Numbers ;  Communication ;  Australia ;,Index Numbers ;  Recreation and culture ;  Australia ;,Index Numbers ;  Education ;  Australia ;,Index Numbers ;  Insurance and financial services ;  Australia ;,Index Numbers ;  All groups CPI ;  Australia ;,Percentage Change from Corresponding Quarter of Previous Year ;  Food and non-alcoholic beverages ;  Australia ;,Percentage Change from Corresponding Quarter of Previous Year ;  Alcohol and tobacco ;  Australia ;,Percentage Change from Corresponding Quarter of Previous Year ;  Clothing and footwear ;  Australia ;,Percentage Change from Corresponding Quarter of Previous Year ;  Housing ;  Australia ;,"Percentage Change from Corresponding Quarter of Previous Year ;  Furnishings, household equipment and services ;  Australia ;",Percentage Change from Corresponding Quarter of Previous Year ;  Health ;  Australia ;,Percentage Change from Corresponding Quarter of Previous Year ;  Transport ;  Australia ;,Percentage Change from Corresponding Quarter of Previous Year ;  Communication ;  Australia ;,Percentage Change from Corresponding Quarter of Previous Year ;  Recreation and culture ;  Australia ;,Percentage Change from Corresponding Quarter of Previous Year ;  Education ;  Australia ;,Percentage Change from Corresponding Quarter of Previous Year ;  Insurance and financial services ;  Australia ;,Percentage Change from Corresponding Quarter of Previous Year ;  All groups CPI ;  Australia ;,Percentage Change from Previous Period ;  Food and non-alcoholic beverages ;  Australia ;,Percentage Change from Previous Period ;  Alcohol and tobacco ;  Australia ;,Percentage Change from Previous Period ;  Clothing and footwear ;  Australia ;,Percentage Change from Previous Period ;  Housing ;  Australia ;,"Percentage Change from Previous Period ;  Furnishings, household equipment and services ;  Australia ;",Percentage Change from Previous Period ;  Health ;  Australia ;,Percentage Change from Previous Period ;  Transport ;  Australia ;,Percentage Change from Previous Period ;  Communication ;  Australia ;,Percentage Change from Previous Period ;  Recreation and culture ;  Australia ;,Percentage Change from Previous Period ;  Education ;  Australia ;,Percentage Change from Previous Period ;  Insurance and financial services ;  Australia ;,Percentage Change from Previous Period ;  All groups CPI ;  Australia ;
Unit,Index Numbers,Index Numbers,Index Numbers,Index Numbers,Index Numbers,Index Numbers,Index Numbers,Index Numbers,Index Numbers,Percent,Percent,Percent,Percent,Percent,Percent,Percent,Percent,Percent,Percent,Percent,Percent,Percent,Percent,Percent,Percent,Percent,Percent,Index Numbers,Index Numbers,Index Numbers,Index Numbers,Index Numbers,Index Numbers,Index Numbers,Index Numbers,Index Numbers,Index Numbers,Index Numbers,Index Numbers,Percent,Percent,Percent,Percent,Percent,Percent,Percent,Percent,Percent,Percent,Percent,Percent,Percent,Percent,Percent,Percent,Percent,Percent,Percent,Percent,Percent,Percent,Percent,Percent
Series Type,Original,Original,Original,Original,Original,Original,Original,Original,Original,Original,Original,Original,Original,Original,Original,Original,Original,Original,Original,Original,Original,Original,Original,Original,Original,Original,Original,Original,Original,Original,Original,Original,Original,Original,Original,Original,Original,Original,Original,Original,Original,Original,Original,Original,Original,Original,Original,Original,Original,Original,Original,Original,Original,Original,Original,Original,Original,Original,Original,Original,Original,Original,Original
Data Type,INDEX,INDEX,INDEX,INDEX,INDEX,INDEX,INDEX,INDEX,INDEX,PERCENT,PERCENT,PERCENT,PERCENT,PERCENT,PERCENT,PERCENT,PERCENT,PERCENT,PERCENT,PERCENT,PERCENT,PERCENT,PERCENT,PERCENT,PERCENT,PERCENT,PERCENT,INDEX,INDEX,INDEX,INDEX,INDEX,INDEX,INDEX,INDEX,INDEX,INDEX,INDEX,INDEX,PERCENT,PERCENT,PERCENT,PERCENT,PERCENT,PERCENT,PERCENT,PERCENT,PERCENT,PERCENT,PERCENT,PERCENT,PERCENT,PERCENT,PERCENT,PERCENT,PERCENT,PERCENT,PERCENT,PERCENT,PERCENT,PERCENT,PERCENT,PERCENT
Frequency,Quarter,Quarter,Quarter,Quarter,Quarter,Quarter,Quarter,Quarter,Quarter,Quarter,Quarter,Quarter,Quarter,Quarter,Quarter,Quarter,Quarter,Quarter,Quarter,Quarter,Quarter,Quarter,Quarter,Quarter,Quarter,Quarter,Quarter,Quarter,Quarter,Quarter,Quarter,Quarter,Quarter,Quarter,Quarter,Quarter,Quarter,Quarter,Quarter,Quarter,Quarter,Quarter,Quarter,Quarter,Quarter,Quarter,Quarter,Quarter,Quarter,Quarter,Quarter,Quarter,Quarter,Quarter,Quarter,Quarter,Quarter,Quarter,Quarter,Quarter,Quarter,Quarter,Quarter
Collection Month,3,3,3,3,3,3,3,3,3,3,3,3,3,3,3,3,3,3,3,3,3,3,3,3,3,3,3,3,3,3,3,3,3,3,3,3,3,3,3,3,3,3,3,3,3,3,3,3,3,3,3,3,3,3,3,3,3,3,3,3,3,3,3
Series Start,Sep-1948,Sep-1948,Sep-1948,Sep-1948,Sep-1948,Sep-1948,Sep-1980,Sep-1948,Sep-1948,Sep-1949,Sep-1949,Sep-1949,Sep-1949,Sep-1949,Sep-1949,Sep-1981,Sep-1949,Sep-1949,Dec-1948,Dec-1948,Dec-1948,Dec-1948,Dec-1948,Dec-1948,Dec-1980,Dec-1948,Dec-1948,Sep-1972,Sep-1972,Sep-1972,Sep-1972,Sep-1972,Sep-1989,Sep-1972,Sep-1972,Sep-1989,Mar-1982,Jun-2005,Sep-1948,Sep-1973,Sep-1973,Sep-1973,Sep-1973,Sep-1973,Sep-1990,Sep-1973,Sep-1973,Sep-1990,Mar-1983,Jun-2006,Sep-1949,Dec-1972,Dec-1972,Dec-1972,Dec-1972,Dec-1972,Dec-1989,Dec-1972,Dec-1972,Dec-1989,Jun-1982,Sep-2005,Dec-1948
Series End,Sep-2014,Sep-2014,Sep-2014,Sep-2014,Sep-2014,Sep-2014,Sep-2014,Sep-2014,Sep-2014,Sep-2014,Sep-2014,Sep-2014,Sep-2014,Sep-2014,Sep-2014,Sep-2014,Sep-2014,Sep-2014,Sep-2014,Sep-2014,Sep-2014,Sep-2014,Sep-2014,Sep-2014,Sep-2014,Sep-2014,Sep-2014,Sep-2014,Sep-2014,Sep-2014,Sep-2014,Sep-2014,Sep-2014,Sep-2014,Sep-2014,Sep-2014,Sep-2014,Sep-2014,Sep-2014,Sep-2014,Sep-2014,Sep-2014,Sep-2014,Sep-2014,Sep-2014,Sep-2014,Sep-2014,Sep-2014,Sep-2014,Sep-2014,Sep-2014,Sep-2014,Sep-2014,Sep-2014,Sep-2014,Sep-2014,Sep-2014,Sep-2014,Sep-2014,Sep-2014,Sep-2014,Sep-2014,Sep-2014
No. Obs,265,265,265,265,265,265,137,265,265,261,261,261,261,261,261,133,261,261,264,264,264,264,264,264,136,264,264,169,169,169,169,169,101,169,169,101,131,38,265,165,165,165,165,165,97,165,165,97,127,34,261,168,168,168,168,168,100,168,168,100,130,37,264
Series ID,A2325806K,A2325811C,A2325816R,A2325821J,A2325826V,A2325831L,A2325836X,A2325841T,A2325846C,A2325807L,A2325812F,A2325817T,A2325822K,A2325827W,A2325832R,A2325837A,A2325842V,A2325847F,A2325810A,A2325815L,A2325820F,A2325825T,A2325830K,A2325835W,A2325840R,A2325845A,A2325850V,A2325891R,A2326116V,A2325936J,A2325981V,A2326026R,A2331111C,A2326071A,A2331201J,A2331246L,A2331426W,A2332596F,A2325846C,A2325892T,A2326117W,A2325937K,A2325982W,A2326027T,A2331112F,A2326072C,A2331202K,A2331247R,A2331427X,A2332597J,A2325847F,A2325895X,A2326120K,A2325940X,A2325985C,A2326030F,A2331115L,A2326075K,A2331205T,A2331250C,A2331430L,A2332600K,A2325850V
Sep-1948,3.7,3.8,3.7,3.8,3.7,3.8,,3.9,3.7,,,,,,,,,,,,,,,,,,,,,,,,,,,,,,3.7,,,,,,,,,,,,,,,,,,,,,,,,
Dec-1948,3.7,3.8,3.7,3.9,3.8,3.9,,4.1,3.8,,,,,,,,,,0,0,0,2.6,2.7,2.6,,5.1,2.7,,,,,,,,,,,,3.8,,,,,,,,,,,,,,,,,,,,,,,,2.7
Mar-1949,3.9,3.9,3.8,4,3.9,4,,4.1,3.9,,,,,,,,,,5.4,2.6,2.7,2.6,2.6,2.6,,0,2.6,,,,,,,,,,,,3.9,,,,,,,,,,,,,,,,,,,,,,,,2.6
Jun-1949,3.9,4,3.9,4,4,4.1,,4.2,4,,,,,,,,,,0,2.6,2.6,0,2.6,2.5,,2.4,2.6,,,,,,,,,,,,4.0,,,,,,,,,,,,,,,,,,,,,,,,2.6
Sep-1949,4,4.1,4,4.1,4.1,4.1,,4.3,4.1,8.1,7.9,8.1,7.9,10.8,7.9,,10.3,10.8,2.6,2.5,2.6,2.5,2.5,0,,2.4,2.5,,,,,,,,,,,,4.1,,,,,,,,,,,,10.8,,,,,,,,,,,,2.5
Dec-1949,4.1,4.2,4.1,4.1,4.2,4.2,,4.3,4.1,10.8,10.5,10.8,5.1,10.5,7.7,,4.9,7.9,2.5,2.4,2.5,0,2.4,2.4,,0,0,,,,,,,,,,,,4.1,,,,,,,,,,,,7.9,,,,,,,,,,,,0.0
Mar-1950,4.1,4.3,4.1,4.2,4.2,4.2,,4.4,4.2,5.1,10.3,7.9,5,7.7,5,,7.3,7.7,0,2.4,0,2.4,0,0,,2.3,2.4,,,,,,,,,,,,4.2,,,,,,,,,,,,7.7,,,,,,,,,,,,2.4
Jun-1950,4.3,4.4,4.2,4.4,4.4,4.3,,4.6,4.3,10.3,10,7.7,10,10,4.9,,9.5,7.5,4.9,2.3,2.4,4.8,4.8,2.4,,4.5,2.4,,,,,,,,,,,,4.3,,,,,,,,,,,,7.5,,,,,,,,,,,,2.4
Sep-1950,4.4,4.5,4.3,4.4,4.5,4.4,,4.7,4.4,10,9.8,7.5,7.3,9.8,7.3,,9.3,7.3,2.3,2.3,2.4,0,2.3,2.3,,2.2,2.3,,,,,,,,,,,,4.4,,,,,,,,,,,,7.3,,,,,,,,,,,,2.3
Dec-1950,4.6,4.6,4.4,4.6,4.6,4.5,,4.8,4.6,12.2,9.5,7.3,12.2,9.5,7.1,,11.6,12.2,4.5,2.2,2.3,4.5,2.2,2.3,,2.1,4.5,,,,,,,,,,,,4.6,,,,,,,,,,,,12.2,,,,,,,,,,,,4.5
Mar-1951,4.7,4.9,4.7,4.8,4.8,4.8,,5.1,4.8,14.6,14,14.6,14.3,14.3,14.3,,15.9,14.3,2.2,6.5,6.8,4.3,4.3,6.7,,6.3,4.3,,,,,,,,,,,,4.8,,,,,,,,,,,,14.3,,,,,,,,,,,,4.3
Jun-1951,5.1,5.1,4.9,5.1,5.1,5.2,,5.4,5.1,18.6,15.9,16.7,15.9,15.9,20.9,,17.4,18.6,8.5,4.1,4.3,6.3,6.3,8.3,,5.9,6.3,,,,,,,,,,,,5.1,,,,,,,,,,,,18.6,,,,,,,,,,,,6.3
Sep-1951,5.4,5.4,5.1,5.4,5.4,5.4,,5.7,5.3,22.7,20,18.6,22.7,20,22.7,,21.3,20.5,5.9,5.9,4.1,5.9,5.9,3.8,,5.6,3.9,,,,,,,,,,,,5.3,,,,,,,,,,,,20.5,,,,,,,,,,,,3.9
Dec-1951,5.7,5.8,5.6,5.7,5.7,5.8,,6,5.7,23.9,26.1,27.3,23.9,23.9,28.9,,25,23.9,5.6,7.4,9.8,5.6,5.6,7.4,,5.3,7.5,,,,,,,,,,,,5.7,,,,,,,,,,,,23.9,,,,,,,,,,,,7.5
Mar-1952,5.9,5.9,5.8,5.9,6,6,,6.2,5.9,25.5,20.4,23.4,22.9,25,25,,21.6,22.9,3.5,1.7,3.6,3.5,5.3,3.4,,3.3,3.5,,,,,,,,,,,,5.9,,,,,,,,,,,,22.9,,,,,,,,,,,,3.5
Jun-1952,6.1,6.2,5.9,6.2,6.2,6.2,,6.5,6.1,19.6,21.6,20.4,21.6,21.6,19.2,,20.4,19.6,3.4,5.1,1.7,5.1,3.3,3.3,,4.8,3.4,,,,,,,,,,,,6.1,,,,,,,,,,,,19.6,,,,,,,,,,,,3.4
Sep-1952,6.2,6.3,6.1,6.3,6.4,6.3,,6.7,6.2,14.8,16.7,19.6,16.7,18.5,16.7,,17.5,17,1.6,1.6,3.4,1.6,3.2,1.6,,3.1,1.6,,,,,,,,,,,,6.2,,,,,,,,,,,,17.0,,,,,,,,,,,,1.6
Dec-1952,6.3,6.3,6.1,6.3,6.4,6.4,,6.7,6.3,10.5,8.6,8.9,10.5,12.3,10.3,,11.7,10.5,1.6,0,0,0,0,1.6,,0,1.6,,,,,,,,,,,,6.3,,,,,,,,,,,,10.5,,,,,,,,,,,,1.6
Mar-1953,6.3,6.4,6.1,6.4,6.5,6.5,,6.8,6.3,6.8,8.5,5.2,8.5,8.3,8.3,,9.7,6.8,0,1.6,0,1.6,1.6,1.6,,1.5,0,,,,,,,,,,,,6.3,,,,,,,,,,,,6.8,,,,,,,,,,,,0.0
Jun-1953,6.4,6.5,6.2,6.4,6.5,6.6,,6.8,6.4,4.9,4.8,5.1,3.2,4.8,6.5,,4.6,4.9,1.6,1.6,1.6,0,0,1.5,,0,1.6,,,,,,,,,,,,6.4,,,,,,,,,,,,4.9,,,,,,,,,,,,1.6
Sep-1953,6.4,6.5,6.2,6.5,6.6,6.8,,6.9,6.5,3.2,3.2,1.6,3.2,3.1,7.9,,3,4.8,0,0,0,1.6,1.5,3,,1.5,1.6,,,,,,,,,,,,6.5,,,,,,,,,,,,4.8,,,,,,,,,,,,1.6
Dec-1953,6.4,6.5,6.2,6.5,6.6,6.8,,7,6.4,1.6,3.2,1.6,3.2,3.1,6.3,,4.5,1.6,0,0,0,0,0,0,,1.4,-1.5,,,,,,,,,,,,6.4,,,,,,,,,,,,1.6,,,,,,,,,,,,-1.5
Mar-1954,6.4,6.5,6.2,6.5,6.6,6.8,,6.9,6.5,1.6,1.6,1.6,1.6,1.5,4.6,,1.5,3.2,0,0,0,0,0,0,,-1.4,1.6,,,,,,,,,,,,6.5,,,,,,,,,,,,3.2,,,,,,,,,,,,1.6
Jun-1954,6.4,6.5,6.2,6.5,6.7,6.8,,6.9,6.5,0,0,0,1.6,3.1,3,,1.5,1.6,0,0,0,0,1.5,0,,0,0,,,,,,,,,,,,6.5,,,,,,,,,,,,1.6,,,,,,,,,,,,0.0
Sep-1954,6.4,6.4,6.2,6.5,6.7,6.7,,6.9,6.5,0,-1.5,0,0,1.5,-1.5,,0,0,0,-1.5,0,0,0,-1.5,,0,0,,,,,,,,,,,,6.5,,,,,,,,,,,,0.0,,,,,,,,,,,,0.0
Dec-1954,6.4,6.4,6.2,6.5,6.7,6.7,,7,6.5,0,-1.5,0,0,1.5,-1.5,,0,1.6,0,0,0,0,0,0,,1.4,0,,,,,,,,,,,,6.5,,,,,,,,,,,,1.6,,,,,,,,,,,,0.0
Mar-1955,6.5,6.5,6.3,6.6,6.7,6.8,,7,6.5,1.6,0,1.6,1.5,1.5,0,,1.4,0,1.6,1.6,1.6,1.5,0,1.5,,0,0,,,,,,,,,,,,6.5,,,,,,,,,,,,0.0,,,,,,,,,,,,0.0
Jun-1955,6.5,6.6,6.3,6.6,6.8,6.8,,7.1,6.6,1.6,1.5,1.6,1.5,1.5,0,,2.9,1.5,0,1.5,0,0,1.5,0,,1.4,1.5,,,,,,,,,,,,6.6,,,,,,,,,,,,1.5,,,,,,,,,,,,1.5
Sep-1955,6.5,6.7,6.3,6.6,6.8,7,,7.2,6.6,1.6,4.7,1.6,1.5,1.5,4.5,,4.3,1.5,0,1.5,0,0,0,2.9,,1.4,0,,,,,,,,,,,,6.6,,,,,,,,,,,,1.5,,,,,,,,,,,,0.0
Dec-1955,6.6,6.8,6.4,6.7,6.9,7.1,,7.2,6.7,3.1,6.3,3.2,3.1,3,6,,2.9,3.1,1.5,1.5,1.6,1.5,1.5,1.4,,0,1.5,,,,,,,,,,,,6.7,,,,,,,,,,,,3.1,,,,,,,,,,,,1.5
Mar-1956,6.6,6.9,6.5,6.8,6.9,7.2,,7.3,6.7,1.5,6.2,3.2,3,3,5.9,,4.3,3.1,0,1.5,1.6,1.5,0,1.4,,1.4,0,,,,,,,,,,,,6.7,,,,,,,,,,,,3.1,,,,,,,,,,,,0.0
Jun-1956,6.9,7.2,6.7,7,7.1,7.4,,7.4,7,6.2,9.1,6.3,6.1,4.4,8.8,,4.2,6.1,4.5,4.3,3.1,2.9,2.9,2.8,,1.4,4.5,,,,,,,,,,,,7.0,,,,,,,,,,,,6.1,,,,,,,,,,,,4.5
Sep-1956,7.1,7.3,6.8,7.1,7.1,7.5,,7.6,7.1,9.2,9,7.9,7.6,4.4,7.1,,5.6,7.6,2.9,1.4,1.5,1.4,0,1.4,,2.7,1.4,,,,,,,,,,,,7.1,,,,,,,,,,,,7.6,,,,,,,,,,,,1.4
Dec-1956,7.1,7.3,6.8,7.1,7.2,7.6,,7.7,7.1,7.6,7.4,6.3,6,4.3,7,,6.9,6,0,0,0,0,1.4,1.3,,1.3,0,,,,,,,,,,,,7.1,,,,,,,,,,,,6.0,,,,,,,,,,,,0.0
Mar-1957,7.1,7.2,6.8,7,7.2,7.6,,7.7,7.1,7.6,4.3,4.6,2.9,4.3,5.6,,5.5,6,0,-1.4,0,-1.4,0,0,,0,0,,,,,,,,,,,,7.1,,,,,,,,,,,,6.0,,,,,,,,,,,,0.0
Jun-1957,7.1,7.3,6.9,7.1,7.3,7.6,,7.7,7.2,2.9,1.4,3,1.4,2.8,2.7,,4.1,2.9,0,1.4,1.5,1.4,1.4,0,,0,1.4,,,,,,,,,,,,7.2,,,,,,,,,,,,2.9,,,,,,,,,,,,1.4
Sep-1957,7.2,7.3,6.9,7.1,7.3,7.6,,7.7,7.2,1.4,0,1.5,0,2.8,1.3,,1.3,1.4,1.4,0,0,0,0,0,,0,0,,,,,,,,,,,,7.2,,,,,,,,,,,,1.4,,,,,,,,,,,,0.0
Dec-1957,7.2,7.3,6.9,7.1,7.2,7.6,,7.7,7.2,1.4,0,1.5,0,0,0,,0,1.4,0,0,0,0,-1.4,0,,0,0,,,,,,,,,,,,7.2,,,,,,,,,,,,1.4,,,,,,,,,,,,0.0
Mar-1958,7.3,7.3,7,7.1,7.2,7.6,,7.7,7.2,2.8,1.4,2.9,1.4,0,0,,0,1.4,1.4,0,1.4,0,0,0,,0,0,,,,,,,,,,,,7.2,,,,,,,,,,,,1.4,,,,,,,,,,,,0.0
Jun-1958,7.3,7.3,7,7.1,7.3,7.6,,7.8,7.2,2.8,0,1.4,0,0,0,,1.3,0,0,0,0,0,1.4,0,,1.3,0,,,,,,,,,,,,7.2,,,,,,,,,,,,0.0,,,,,,,,,,,,0.0
Sep-1958,7.2,7.3,7.1,7.2,7.3,7.6,,7.7,7.2,0,0,2.9,1.4,0,0,,0,0,-1.4,0,1.4,1.4,0,0,,-1.3,0,,,,,,,,,,,,7.2,,,,,,,,,,,,0.0,,,,,,,,,,,,0.0
Dec-1958,7.3,7.5,7.2,7.2,7.3,7.7,,7.8,7.3,1.4,2.7,4.3,1.4,1.4,1.3,,1.3,1.4,1.4,2.7,1.4,0,0,1.3,,1.3,1.4,,,,,,,,,,,,7.3,,,,,,,,,,,,1.4,,,,,,,,,,,,1.4
Mar-1959,7.3,7.5,7.2,7.3,7.4,7.7,,7.8,7.3,0,2.7,2.9,2.8,2.8,1.3,,1.3,1.4,0,0,0,1.4,1.4,0,,0,0,,,,,,,,,,,,7.3,,,,,,,,,,,,1.4,,,,,,,,,,,,0.0
Jun-1959,7.3,7.5,7.2,7.3,7.4,7.7,,7.9,7.3,0,2.7,2.9,2.8,1.4,1.3,,1.3,1.4,0,0,0,0,0,0,,1.3,0,,,,,,,,,,,,7.3,,,,,,,,,,,,1.4,,,,,,,,,,,,0.0
Sep-1959,7.3,7.6,7.3,7.4,7.4,7.7,,7.9,7.4,1.4,4.1,2.8,2.8,1.4,1.3,,2.6,2.8,0,1.3,1.4,1.4,0,0,,0,1.4,,,,,,,,,,,,7.4,,,,,,,,,,,,2.8,,,,,,,,,,,,1.4
Dec-1959,7.4,7.6,7.4,7.4,7.4,7.7,,7.9,7.5,1.4,1.3,2.8,2.8,1.4,0,,1.3,2.7,1.4,0,1.4,0,0,0,,0,1.4,,,,,,,,,,,,7.5,,,,,,,,,,,,2.7,,,,,,,,,,,,1.4
Mar-1960,7.4,7.7,7.4,7.5,7.5,7.8,,8,7.5,1.4,2.7,2.8,2.7,1.4,1.3,,2.6,2.7,0,1.3,0,1.4,1.4,1.3,,1.3,0,,,,,,,,,,,,7.5,,,,,,,,,,,,2.7,,,,,,,,,,,,0.0
Jun-1960,7.5,7.9,7.4,7.6,7.6,7.9,,8,7.6,2.7,5.3,2.8,4.1,2.7,2.6,,1.3,4.1,1.4,2.6,0,1.3,1.3,1.3,,0,1.3,,,,,,,,,,,,7.6,,,,,,,,,,,,4.1,,,,,,,,,,,,1.3
Sep-1960,7.6,8,7.5,7.7,7.7,8.1,,8.2,7.7,4.1,5.3,2.7,4.1,4.1,5.2,,3.8,4.1,1.3,1.3,1.4,1.3,1.3,2.5,,2.5,1.3,,,,,,,,,,,,7.7,,,,,,,,,,,,4.1,,,,,,,,,,,,1.3
Dec-1960,7.7,8,7.6,7.8,7.7,8.2,,8.2,7.8,4.1,5.3,2.7,5.4,4.1,6.5,,3.8,4,1.3,0,1.3,1.3,0,1.2,,0,1.3,,,,,,,,,,,,7.8,,,,,,,,,,,,4.0,,,,,,,,,,,,1.3
Mar-1961,7.7,8,7.7,7.8,7.8,8.3,,8.2,7.8,4.1,3.9,4.1,4,4,6.4,,2.5,4,0,0,1.3,0,1.3,1.2,,0,0,,,,,,,,,,,,7.8,,,,,,,,,,,,4.0,,,,,,,,,,,,0.0
Jun-1961,7.8,8.1,7.7,7.9,7.9,8.3,,8.3,7.9,4,2.5,4.1,3.9,3.9,5.1,,3.8,3.9,1.3,1.3,0,1.3,1.3,0,,1.2,1.3,,,,,,,,,,,,7.9,,,,,,,,,,,,3.9,,,,,,,,,,,,1.3
Sep-1961,7.7,8.1,7.7,7.8,7.8,8.4,,8.3,7.8,1.3,1.3,2.7,1.3,1.3,3.7,,1.2,1.3,-1.3,0,0,-1.3,-1.3,1.2,,0,-1.3,,,,,,,,,,,,7.8,,,,,,,,,,,,1.3,,,,,,,,,,,,-1.3
Dec-1961,7.7,8.1,7.7,7.8,7.7,8.3,,8.4,7.8,0,1.3,1.3,0,0,1.2,,2.4,0,0,0,0,0,-1.3,-1.2,,1.2,0,,,,,,,,,,,,7.8,,,,,,,,,,,,0.0,,,,,,,,,,,,0.0
Mar-1962,7.7,8,7.8,7.7,7.8,8.3,,8.3,7.8,0,0,1.3,-1.3,0,0,,1.2,0,0,-1.2,1.3,-1.3,1.3,0,,-1.2,0,,,,,,,,,,,,7.8,,,,,,,,,,,,0.0,,,,,,,,,,,,0.0
Jun-1962,7.7,8,7.8,7.7,7.8,8.3,,8.3,7.8,-1.3,-1.2,1.3,-2.5,-1.3,0,,0,-1.3,0,0,0,0,0,0,,0,0,,,,,,,,,,,,7.8,,,,,,,,,,,,-1.3,,,,,,,,,,,,0.0
Sep-1962,7.7,8,7.8,7.7,7.8,8.3,,8.3,7.8,0,-1.2,1.3,-1.3,0,-1.2,,0,0,0,0,0,0,0,0,,0,0,,,,,,,,,,,,7.8,,,,,,,,,,,,0.0,,,,,,,,,,,,0.0
Dec-1962,7.8,8,7.8,7.7,7.8,8.3,,8.4,7.8,1.3,-1.2,1.3,-1.3,1.3,0,,0,0,1.3,0,0,0,0,0,,1.2,0,,,,,,,,,,,,7.8,,,,,,,,,,,,0.0,,,,,,,,,,,,0.0
Mar-1963,7.8,8,7.8,7.7,7.9,8.3,,8.3,7.8,1.3,0,0,0,1.3,0,,0,0,0,0,0,0,1.3,0,,-1.2,0,,,,,,,,,,,,7.8,,,,,,,,,,,,0.0,,,,,,,,,,,,0.0
Jun-1963,7.8,8.1,7.8,7.8,7.9,8.3,,8.3,7.8,1.3,1.3,0,1.3,1.3,0,,0,0,0,1.3,0,1.3,0,0,,0,0,,,,,,,,,,,,7.8,,,,,,,,,,,,0.0,,,,,,,,,,,,0.0
Sep-1963,7.8,8.1,7.8,7.8,7.9,8.3,,8.4,7.9,1.3,1.3,0,1.3,1.3,0,,1.2,1.3,0,0,0,0,0,0,,1.2,1.3,,,,,,,,,,,,7.9,,,,,,,,,,,,1.3,,,,,,,,,,,,1.3
Dec-1963,7.8,8.1,7.8,7.8,7.9,8.4,,8.4,7.9,0,1.3,0,1.3,1.3,1.2,,0,1.3,0,0,0,0,0,1.2,,0,0,,,,,,,,,,,,7.9,,,,,,,,,,,,1.3,,,,,,,,,,,,0.0
Mar-1964,7.8,8.1,7.9,7.8,8,8.4,,8.4,8,0,1.3,1.3,1.3,1.3,1.2,,1.2,2.6,0,0,1.3,0,1.3,0,,0,1.3,,,,,,,,,,,,8.0,,,,,,,,,,,,2.6,,,,,,,,,,,,1.3
Jun-1964,7.9,8.2,8,8,8,8.4,,8.4,8,1.3,1.2,2.6,2.6,1.3,1.2,,1.2,2.6,1.3,1.2,1.3,2.6,0,0,,0,0,,,,,,,,,,,,8.0,,,,,,,,,,,,2.6,,,,,,,,,,,,0.0
Sep-1964,8,8.2,8.1,8.1,8.1,8.5,,8.5,8.1,2.6,1.2,3.8,3.8,2.5,2.4,,1.2,2.5,1.3,0,1.3,1.3,1.3,1.2,,1.2,1.3,,,,,,,,,,,,8.1,,,,,,,,,,,,2.5,,,,,,,,,,,,1.3
Dec-1964,8.1,8.4,8.1,8.2,8.1,8.6,,8.7,8.2,3.8,3.7,3.8,5.1,2.5,2.4,,3.6,3.8,1.3,2.4,0,1.2,0,1.2,,2.4,1.2,,,,,,,,,,,,8.2,,,,,,,,,,,,3.8,,,,,,,,,,,,1.2
Mar-1965,8.1,8.5,8.2,8.2,8.2,8.6,,8.7,8.2,3.8,4.9,3.8,5.1,2.5,2.4,,3.6,2.5,0,1.2,1.2,0,1.2,0,,0,0,,,,,,,,,,,,8.2,,,,,,,,,,,,2.5,,,,,,,,,,,,0.0
Jun-1965,8.2,8.6,8.3,8.2,8.3,8.8,,8.8,8.3,3.8,4.9,3.8,2.5,3.8,4.8,,4.8,3.8,1.2,1.2,1.2,0,1.2,2.3,,1.1,1.2,,,,,,,,,,,,8.3,,,,,,,,,,,,3.8,,,,,,,,,,,,1.2
Sep-1965,8.3,8.6,8.4,8.3,8.4,8.9,,8.8,8.4,3.8,4.9,3.7,2.5,3.7,4.7,,3.5,3.7,1.2,0,1.2,1.2,1.2,1.1,,0,1.2,,,,,,,,,,,,8.4,,,,,,,,,,,,3.7,,,,,,,,,,,,1.2
Dec-1965,8.4,8.8,8.5,8.4,8.4,9,,8.9,8.5,3.7,4.8,4.9,2.4,3.7,4.7,,2.3,3.7,1.2,2.3,1.2,1.2,0,1.1,,1.1,1.2,,,,,,,,,,,,8.5,,,,,,,,,,,,3.7,,,,,,,,,,,,1.2
Mar-1966,8.4,8.8,8.6,8.4,8.5,8.9,,8.9,8.6,3.7,3.5,4.9,2.4,3.7,3.5,,2.3,4.9,0,0,1.2,0,1.2,-1.1,,0,1.2,,,,,,,,,,,,8.6,,,,,,,,,,,,4.9,,,,,,,,,,,,1.2
Jun-1966,8.4,8.8,8.7,8.6,8.7,9,,8.9,8.6,2.4,2.3,4.8,4.9,4.8,2.3,,1.1,3.6,0,0,1.2,2.4,2.4,1.1,,0,0,,,,,,,,,,,,8.6,,,,,,,,,,,,3.6,,,,,,,,,,,,0.0
Sep-1966,8.5,8.9,8.7,8.6,8.7,9,,9,8.6,2.4,3.5,3.6,3.6,3.6,1.1,,2.3,2.4,1.2,1.1,0,0,0,0,,1.1,0,,,,,,,,,,,,8.6,,,,,,,,,,,,2.4,,,,,,,,,,,,0.0
Dec-1966,8.5,8.9,8.8,8.7,8.8,9,,9,8.7,1.2,1.1,3.5,3.6,4.8,0,,1.1,2.4,0,0,1.1,1.2,1.1,0,,0,1.2,,,,,,,,,,,,8.7,,,,,,,,,,,,2.4,,,,,,,,,,,,1.2
Mar-1967,8.6,9,8.8,8.7,8.9,9.2,,9.1,8.8,2.4,2.3,2.3,3.6,4.7,3.4,,2.2,2.3,1.2,1.1,0,0,1.1,2.2,,1.1,1.1,,,,,,,,,,,,8.8,,,,,,,,,,,,2.3,,,,,,,,,,,,1.1
Jun-1967,8.7,9.2,8.9,8.8,9,9.3,,9.2,8.9,3.6,4.5,2.3,2.3,3.4,3.3,,3.4,3.5,1.2,2.2,1.1,1.1,1.1,1.1,,1.1,1.1,,,,,,,,,,,,8.9,,,,,,,,,,,,3.5,,,,,,,,,,,,1.1
Sep-1967,8.8,9.3,9,8.9,9,9.5,,9.3,9,3.5,4.5,3.4,3.5,3.4,5.6,,3.3,4.7,1.1,1.1,1.1,1.1,0,2.2,,1.1,1.1,,,,,,,,,,,,9.0,,,,,,,,,,,,4.7,,,,,,,,,,,,1.1
Dec-1967,8.8,9.3,9,8.9,9.1,9.6,,9.3,9,3.5,4.5,2.3,2.3,3.4,6.7,,3.3,3.4,0,0,0,0,1.1,1.1,,0,0,,,,,,,,,,,,9.0,,,,,,,,,,,,3.4,,,,,,,,,,,,0.0
Mar-1968,8.9,9.3,9.1,8.9,9.1,9.5,,9.3,9.1,3.5,3.3,3.4,2.3,2.2,3.3,,2.2,3.4,1.1,0,1.1,0,0,-1,,0,1.1,,,,,,,,,,,,9.1,,,,,,,,,,,,3.4,,,,,,,,,,,,1.1
Jun-1968,8.9,9.4,9.1,9,9.2,9.5,,9.4,9.1,2.3,2.2,2.2,2.3,2.2,2.2,,2.2,2.2,0,1.1,0,1.1,1.1,0,,1.1,0,,,,,,,,,,,,9.1,,,,,,,,,,,,2.2,,,,,,,,,,,,0.0
Sep-1968,8.9,9.4,9.2,9,9.2,9.6,,9.4,9.2,1.1,1.1,2.2,1.1,2.2,1.1,,1.1,2.2,0,0,1.1,0,0,1.1,,0,1.1,,,,,,,,,,,,9.2,,,,,,,,,,,,2.2,,,,,,,,,,,,1.1
Dec-1968,9.1,9.5,9.2,9.1,9.2,9.7,,9.4,9.2,3.4,2.2,2.2,2.2,1.1,1,,1.1,2.2,2.2,1.1,0,1.1,0,1,,0,0,,,,,,,,,,,,9.2,,,,,,,,,,,,2.2,,,,,,,,,,,,0.0
Mar-1969,9.2,9.5,9.3,9.2,9.4,9.7,,9.5,9.4,3.4,2.2,2.2,3.4,3.3,2.1,,2.2,3.3,1.1,0,1.1,1.1,2.2,0,,1.1,2.2,,,,,,,,,,,,9.4,,,,,,,,,,,,3.3,,,,,,,,,,,,2.2
Jun-1969,9.2,9.6,9.4,9.2,9.5,9.8,,9.5,9.4,3.4,2.1,3.3,2.2,3.3,3.2,,1.1,3.3,0,1.1,1.1,0,1.1,1,,0,0,,,,,,,,,,,,9.4,,,,,,,,,,,,3.3,,,,,,,,,,,,0.0
Sep-1969,9.3,9.7,9.4,9.3,9.5,9.8,,9.6,9.5,4.5,3.2,2.2,3.3,3.3,2.1,,2.1,3.3,1.1,1,0,1.1,0,0,,1.1,1.1,,,,,,,,,,,,9.5,,,,,,,,,,,,3.3,,,,,,,,,,,,1.1
Dec-1969,9.4,9.7,9.5,9.3,9.6,9.9,,9.7,9.5,3.3,2.1,3.3,2.2,4.3,2.1,,3.2,3.3,1.1,0,1.1,0,1.1,1,,1,0,,,,,,,,,,,,9.5,,,,,,,,,,,,3.3,,,,,,,,,,,,0.0
Mar-1970,9.5,9.8,9.6,9.4,9.7,9.9,,9.8,9.6,3.3,3.2,3.2,2.2,3.2,2.1,,3.2,2.1,1.1,1,1.1,1.1,1,0,,1,1.1,,,,,,,,,,,,9.6,,,,,,,,,,,,2.1,,,,,,,,,,,,1.1
Jun-1970,9.7,9.9,9.6,9.5,9.9,10,,9.9,9.7,5.4,3.1,2.1,3.3,4.2,2,,4.2,3.2,2.1,1,0,1.1,2.1,1,,1,1,,,,,,,,,,,,9.7,,,,,,,,,,,,3.2,,,,,,,,,,,,1.0
Sep-1970,9.7,9.9,9.7,9.5,9.9,10,,10,9.8,4.3,2.1,3.2,2.2,4.2,2,,4.2,3.2,0,0,1,0,0,0,,1,1,,,,,,,,,,,,9.8,,,,,,,,,,,,3.2,,,,,,,,,,,,1.0
Dec-1970,9.9,10.1,10,9.7,10,10.3,,10.3,10,5.3,4.1,5.3,4.3,4.2,4,,6.2,5.3,2.1,2,3.1,2.1,1,3,,3,2,,,,,,,,,,,,10.0,,,,,,,,,,,,5.3,,,,,,,,,,,,2.0
Mar-1971,10.1,10.2,10.1,9.8,10.1,10.3,,10.3,10.1,6.3,4.1,5.2,4.3,4.1,4,,5.1,5.2,2,1,1,1,1,0,,0,1,,,,,,,,,,,,10.1,,,,,,,,,,,,5.2,,,,,,,,,,,,1.0
Jun-1971,10.3,10.3,10.3,10,10.3,10.5,,10.5,10.2,6.2,4,7.3,5.3,4,5,,6.1,5.2,2,1,2,2,2,1.9,,1.9,1,,,,,,,,,,,,10.2,,,,,,,,,,,,5.2,,,,,,,,,,,,1.0
Sep-1971,10.6,10.5,10.4,10.1,10.4,10.7,,10.7,10.5,9.3,6.1,7.2,6.3,5.1,7,,7,7.1,2.9,1.9,1,1,1,1.9,,1.9,2.9,,,,,,,,,,,,10.5,,,,,,,,,,,,7.1,,,,,,,,,,,,2.9
Dec-1971,10.8,10.7,10.7,10.3,10.6,11,,10.8,10.7,9.1,5.9,7,6.2,6,6.8,,4.9,7,1.9,1.9,2.9,2,1.9,2.8,,0.9,1.9,,,,,,,,,,,,10.7,,,,,,,,,,,,7.0,,,,,,,,,,,,1.9
Mar-1972,10.9,10.8,10.8,10.4,10.8,11.1,,10.9,10.8,7.9,5.9,6.9,6.1,6.9,7.8,,5.8,6.9,0.9,0.9,0.9,1,1.9,0.9,,0.9,0.9,,,,,,,,,,,,10.8,,,,,,,,,,,,6.9,,,,,,,,,,,,0.9
Jun-1972,11.1,11,10.9,10.5,10.9,11.1,,11,10.9,7.8,6.8,5.8,5,5.8,5.7,,4.8,6.9,1.8,1.9,0.9,1,0.9,0,,0.9,0.9,,,,,,,,,,,,10.9,,,,,,,,,,,,6.9,,,,,,,,,,,,0.9
Sep-1972,11.2,11.1,10.9,10.7,11,11.3,,11.2,11.1,5.7,5.7,4.8,5.9,5.8,5.6,,4.7,5.7,0.9,0.9,0,1.9,0.9,1.8,,1.8,1.8,10.1,5.7,19.1,10.3,17.5,,11.3,29.9,,,,11.1,,,,,,,,,,,,5.7,,,,,,,,,,,,1.8
Dec-1972,11.3,11.2,11.1,10.8,11.1,11.4,,11.3,11.2,4.6,4.7,3.7,4.9,4.7,3.6,,4.6,4.7,0.9,0.9,1.8,0.9,0.9,0.9,,0.9,0.9,10.2,5.7,19.4,10.4,17.6,,11.4,29.9,,,,11.2,,,,,,,,,,,,4.7,1.0,0.0,1.6,1.0,0.6,,0.9,0.0,,,,0.9
Mar-1973,11.6,11.5,11.4,11,11.3,11.6,,11.5,11.4,6.4,6.5,5.6,5.8,4.6,4.5,,5.5,5.6,2.7,2.7,2.7,1.9,1.8,1.8,,1.8,1.8,10.7,5.8,19.7,10.6,17.8,,11.4,29.9,,,,11.4,,,,,,,,,,,,5.6,4.9,1.8,1.5,1.9,1.1,,0.0,0.0,,,,1.8
Jun-1973,11.9,11.9,11.7,11.4,11.6,12,,11.9,11.8,7.2,8.2,7.3,8.6,6.4,8.1,,8.2,8.3,2.6,3.5,2.6,3.6,2.7,3.4,,3.5,3.5,11.2,6.0,20.5,10.8,18.2,,11.5,29.9,,,,11.8,,,,,,,,,,,,8.3,4.7,3.4,4.1,1.9,2.2,,0.9,0.0,,,,3.5
Sep-1973,12.3,12.3,12.2,11.8,11.9,12.3,,12.3,12.2,9.8,10.8,11.9,10.3,8.2,8.8,,9.8,9.9,3.4,3.4,4.3,3.5,2.6,2.5,,3.4,3.4,11.9,6.0,21.1,11.1,18.7,,11.8,29.9,,,,12.2,17.8,5.3,10.5,7.8,6.9,,4.4,0.0,,,,9.9,6.3,0.0,2.9,2.8,2.7,,2.6,0.0,,,,3.4
Dec-1973,12.8,12.7,12.7,12.3,12.3,12.9,,12.8,12.6,13.3,13.4,14.4,13.9,10.8,13.2,,13.3,12.5,4.1,3.3,4.1,4.2,3.4,4.9,,4.1,3.3,12.3,6.4,22.0,11.5,19.0,,12.1,29.9,,,,12.6,20.6,12.3,13.4,10.6,8.0,,6.1,0.0,,,,12.5,3.4,6.7,4.3,3.6,1.6,,2.5,0.0,,,,3.3
Mar-1974,13.1,13,13,12.6,12.5,13.1,,13.2,13,12.9,13,14,14.5,10.6,12.9,,14.8,14,2.3,2.4,2.4,2.4,1.6,1.6,,3.1,3.2,12.7,6.4,22.4,11.8,19.6,,12.4,29.9,,,,13.0,18.7,10.3,13.7,11.3,10.1,,8.8,0.0,,,,14.0,3.3,0.0,1.8,2.6,3.2,,2.5,0.0,,,,3.2
Jun-1974,13.6,13.6,13.4,13.2,13,13.7,,13.6,13.5,14.3,14.3,14.5,15.8,12.1,14.2,,14.3,14.4,3.8,4.6,3.1,4.8,4,4.6,,3,3.8,13.2,6.7,24.1,12.4,20.3,,12.7,29.9,,,,13.5,17.9,11.7,17.6,14.8,11.5,,10.4,0.0,,,,14.4,3.9,4.7,7.6,5.1,3.6,,2.4,0.0,,,,3.8
Sep-1974,14.4,14.3,14.2,13.8,13.6,14.4,,14.3,14.2,17.1,16.3,16.4,16.9,14.3,17.1,,16.3,16.4,5.9,5.1,6,4.5,4.6,5.1,,5.1,5.2,13.5,7.1,25.2,12.9,21.4,,13.7,29.9,,,,14.2,13.4,18.3,19.4,16.2,14.4,,16.1,0.0,,,,16.4,2.3,6.0,4.6,4.0,5.4,,7.9,0.0,,,,5.2
Dec-1974,14.9,14.7,14.6,14.4,14.4,15.1,,14.8,14.7,16.4,15.7,15,17.1,17.1,17.1,,15.6,16.7,3.5,2.8,2.8,4.3,5.9,4.9,,3.5,3.5,13.5,7.3,27.0,13.6,22.7,,14.4,36.4,,,,14.7,9.8,14.1,22.7,18.3,19.5,,19.0,21.7,,,,16.7,0.0,2.8,7.1,5.4,6.1,,5.1,21.7,,,,3.5
Mar-1975,15.3,15.4,15,15.1,15,15.4,,15.1,15.3,16.8,18.5,15.4,19.8,20,17.6,,14.4,17.7,2.7,4.8,2.7,4.9,4.2,2,,2,4.1,13.7,7.7,27.4,14.1,23.5,,15.0,36.4,,,,15.3,7.9,20.3,22.3,19.5,19.9,,21.0,21.7,,,,17.7,1.5,5.5,1.5,3.7,3.5,,4.2,0.0,,,,4.1
Jun-1975,15.9,15.9,15.4,15.6,15.6,15.9,,15.8,15.8,16.9,16.9,14.9,18.2,20,16.1,,16.2,17,3.9,3.2,2.7,3.3,4,3.2,,4.6,3.3,14.2,7.8,28.6,14.8,24.3,,15.5,36.4,,,,15.8,7.6,16.4,18.7,19.4,19.7,,22.0,21.7,,,,17.0,3.6,1.3,4.4,5.0,3.4,,3.3,0.0,,,,3.3
Sep-1975,16.1,15.9,15.7,15.5,15.6,16.1,,15.7,15.9,11.8,11.2,10.6,12.3,14.7,11.8,,9.8,12,1.3,0,1.9,-0.6,0,1.3,,-0.6,0.6,14.4,8.0,29.2,15.3,24.9,,16.3,36.4,,,,15.9,6.7,12.7,15.9,18.6,16.4,,19.0,21.7,,,,12.0,1.4,2.6,2.1,3.4,2.5,,5.2,0.0,,,,0.6
Dec-1975,16.9,16.9,16.7,16.3,16.5,17.3,,17,16.8,13.4,15,14.4,13.2,14.6,14.6,,14.9,14.3,5,6.3,6.4,5.2,5.8,7.5,,8.3,5.7,14.8,9.5,31.3,16.2,26.7,,17.2,51.3,,,,16.8,9.6,30.1,15.9,19.1,17.6,,19.4,40.9,,,,14.3,2.8,18.8,7.2,5.9,7.2,,5.5,40.9,,,,5.7
Mar-1976,17.4,17.3,17.1,16.9,17.1,17.7,,17.4,17.3,13.7,12.3,14,11.9,14,14.9,,15.2,13.1,3,2.4,2.4,3.7,3.6,2.3,,2.4,3,15.6,9.7,31.7,16.6,27.2,,17.6,51.3,,,,17.3,13.9,26.0,15.7,17.7,15.7,,17.3,40.9,,,,13.1,5.4,2.1,1.3,2.5,1.9,,2.3,0.0,,,,3.0
Jun-1976,17.8,17.8,17.6,17.4,17.7,18.3,,18,17.7,11.9,11.9,14.3,11.5,13.5,15.1,,13.9,12,2.3,2.9,2.9,3,3.5,3.4,,3.4,2.3,15.6,9.9,33.5,17.3,27.9,,17.9,51.4,,,,17.7,9.9,26.9,17.1,16.9,14.8,,15.5,41.2,,,,12.0,0.0,2.1,5.7,4.2,2.6,,1.7,0.2,,,,2.3
Sep-1976,18.1,18.2,18,17.9,18.2,18.7,,18.4,18.1,12.4,14.5,14.6,15.5,16.7,16.1,,17.2,13.8,1.7,2.2,2.3,2.9,2.8,2.2,,2.2,2.3,16.1,9.9,34.1,17.8,28.4,,18.2,51.4,,,,18.1,11.8,23.8,16.8,16.3,14.1,,11.7,41.2,,,,13.8,3.2,0.0,1.8,2.9,1.8,,1.7,0.0,,,,2.3
Dec-1976,19.1,19.3,19.1,19.1,19.3,19.8,,19.4,19.2,13,14.2,14.4,17.2,17,14.5,,14.1,14.3,5.5,6,6.1,6.7,6,5.9,,5.4,6.1,16.7,10.0,36.3,18.4,28.8,,18.5,51.9,,,,19.2,12.8,5.3,16.0,13.6,7.9,,7.6,1.2,,,,14.3,3.7,1.0,6.5,3.4,1.4,,1.6,1.0,,,,6.1
Mar-1977,19.5,19.8,19.5,19.5,19.8,20.2,,19.7,19.6,12.1,14.5,14,15.4,15.8,14.1,,13.2,13.3,2.1,2.6,2.1,2.1,2.6,2,,1.5,2.1,17.0,10.1,36.9,18.8,29.7,,19.0,51.9,,,,19.6,9.0,4.1,16.4,13.3,9.2,,8.0,1.2,,,,13.3,1.8,1.0,1.7,2.2,3.1,,2.7,0.0,,,,2.1
Jun-1977,19.9,20.4,19.9,19.9,20.2,20.7,,20,20.1,11.8,14.6,13.1,14.4,14.1,13.1,,11.1,13.6,2.1,3,2.1,2.1,2,2.5,,1.5,2.6,17.5,10.2,38.2,19.4,30.4,,19.4,51.9,,,,20.1,12.2,3.0,14.0,12.1,9.0,,8.4,1.0,,,,13.6,2.9,1.0,3.5,3.2,2.4,,2.1,0.0,,,,2.6
Sep-1977,20.3,20.8,20.3,20.4,20.7,21.2,,20.4,20.5,12.2,14.3,12.8,14,13.7,13.4,,10.9,13.3,2,2,2,2.5,2.5,2.4,,2,2,18.2,10.4,38.8,19.7,30.9,,19.7,51.9,,,,20.5,13.0,5.1,13.8,10.7,8.8,,8.2,1.0,,,,13.3,4.0,2.0,1.6,1.5,1.6,,1.5,0.0,,,,2.0
Dec-1977,20.7,21.2,20.7,20.9,21.5,21.7,,21.1,21,8.4,9.8,8.4,9.4,11.4,9.6,,8.8,9.4,2,1.9,2,2.5,3.9,2.4,,3.4,2.4,18.6,10.5,40.1,20.2,31.7,,20.2,52.6,,,,21.0,11.4,5.0,10.5,9.8,10.1,,9.2,1.3,,,,9.4,2.2,1.0,3.4,2.5,2.6,,2.5,1.3,,,,2.4
Mar-1978,21,21.5,21.1,21.1,21.7,22,,21.3,21.3,7.7,8.6,8.2,8.2,9.6,8.9,,8.1,8.7,1.4,1.4,1.9,1,0.9,1.4,,0.9,1.4,18.7,10.6,40.6,20.5,32.0,,20.6,52.5,,,,21.3,10.0,5.0,10.0,9.0,7.7,,8.4,1.2,,,,8.7,0.5,1.0,1.2,1.5,0.9,,2.0,-0.2,,,,1.4
Jun-1978,21.4,22,21.5,21.5,22.1,22.4,,21.6,21.7,7.5,7.8,8,8,9.4,8.2,,8,8,1.9,2.3,1.9,1.9,1.8,1.8,,1.4,1.9,19.3,10.7,41.6,20.8,32.7,,20.8,52.5,,,,21.7,10.3,4.9,8.9,7.2,7.6,,7.2,1.2,,,,8.0,3.2,0.9,2.5,1.5,2.2,,1.0,0.0,,,,1.9
Sep-1978,21.9,22.4,21.9,22,22.5,22.7,,22.1,22.1,7.9,7.7,7.9,7.8,8.7,7.1,,8.3,7.8,2.3,1.8,1.9,2.3,1.8,1.3,,2.3,1.8,19.8,10.7,42.0,21.1,33.1,,21.3,53.6,,,,22.1,8.8,2.9,8.2,7.1,7.1,,8.1,3.3,,,,7.8,2.6,0.0,1.0,1.4,1.2,,2.4,2.1,,,,1.8
Dec-1978,22.4,22.8,22.6,22.3,23,23.2,,22.6,22.6,8.2,7.5,9.2,6.7,7,6.9,,7.1,7.6,2.3,1.8,3.2,1.4,2.2,2.2,,2.3,2.3,20.5,12.6,43.0,21.5,33.5,,22.0,54.3,,,,22.6,10.2,20.0,7.2,6.4,5.7,,8.9,3.2,,,,7.6,3.5,17.8,2.4,1.9,1.2,,3.3,1.3,,,,2.3
Mar-1979,22.8,23.2,22.8,22.7,23.3,23.7,,23,23,8.6,7.9,8.1,7.6,7.4,7.7,,8,8,1.8,1.8,0.9,1.8,1.3,2.2,,1.8,1.8,21.1,12.6,43.2,21.8,34.1,,22.5,53.8,,,,23.0,12.8,18.9,6.4,6.3,6.6,,9.2,2.5,,,,8.0,2.9,0.0,0.5,1.4,1.8,,2.3,-0.9,,,,1.8
Jun-1979,23.5,23.8,23.3,23.3,24,24.4,,23.7,23.6,9.8,8.2,8.4,8.4,8.6,8.9,,9.7,8.8,3.1,2.6,2.2,2.6,3,3,,3,2.6,22.1,12.7,44.5,22.2,34.5,,23.2,53.8,,,,23.6,14.5,18.7,7.0,6.7,5.5,,11.5,2.5,,,,8.8,4.7,0.8,3.0,1.8,1.2,,3.1,0.0,,,,2.6
Sep-1979,24.1,24.5,23.8,23.7,24.4,25,,24.3,24.2,10,9.4,8.7,7.7,8.4,10.1,,10,9.5,2.6,2.9,2.1,1.7,1.7,2.5,,2.5,2.5,22.7,12.9,45.1,22.5,35.2,,24.1,53.8,,,,24.2,14.6,20.6,7.4,6.6,6.3,,13.1,0.4,,,,9.5,2.7,1.6,1.3,1.4,2.0,,3.9,0.0,,,,2.5
Dec-1979,24.7,25.1,24.6,24.6,25.2,25.7,,24.9,24.9,10.3,10.1,8.8,10.3,9.6,10.8,,10.2,10.2,2.5,2.4,3.4,3.8,3.3,2.8,,2.5,2.9,23.2,13.0,45.9,23.0,36.0,,25.0,54.7,,,,24.9,13.2,3.2,6.7,7.0,7.5,,13.6,0.7,,,,10.2,2.2,0.8,1.8,2.2,2.3,,3.7,1.7,,,,2.9
Mar-1980,25.4,25.5,25.2,25.1,25.7,26.2,,25.6,25.4,11.4,9.9,10.5,10.6,10.3,10.5,,11.3,10.4,2.8,1.6,2.4,2,2,1.9,,2.8,2,24.2,13.3,46.1,23.4,37.0,,25.1,54.9,,,,25.4,14.7,5.6,6.7,7.3,8.5,,11.6,2.0,,,,10.4,4.3,2.3,0.4,1.7,2.8,,0.4,0.4,,,,2.0
Jun-1980,26.1,26.3,25.8,25.8,26.3,26.8,,26.3,26.2,11.1,10.5,10.7,10.7,9.6,9.8,,11,11,2.8,3.1,2.4,2.8,2.3,2.3,,2.7,3.1,24.8,13.5,47.5,24.0,37.9,,26.3,55.7,,,,26.2,12.2,6.3,6.7,8.1,9.9,,13.4,3.5,,,,11.0,2.5,1.5,3.0,2.6,2.4,,4.8,1.5,,,,3.1
Sep-1980,26.6,26.8,26.2,26.1,26.9,27.5,28.8,26.8,26.6,10.4,9.4,10.1,10.1,10.2,10,,10.3,9.9,1.9,1.9,1.6,1.2,2.3,2.6,,1.9,1.5,25.3,13.8,48.1,24.6,39.2,,26.3,55.7,,,,26.6,11.5,7.0,6.7,9.3,11.4,,9.1,3.5,,,,9.9,2.0,2.2,1.3,2.5,3.4,,0.0,0.0,,,,1.5
Dec-1980,27.1,27.4,26.8,26.7,27.3,28,29.5,27.4,27.2,9.7,9.2,8.9,8.5,8.3,8.9,,10,9.2,1.9,2.2,2.3,2.3,1.5,1.8,2.4,2.2,2.3,26.0,13.9,49.2,25.3,40.1,,26.8,55.7,,,,27.2,12.1,6.9,7.2,10.0,11.4,,7.2,1.8,,,,9.2,2.8,0.7,2.3,2.8,2.3,,1.9,0.0,,,,2.3
Mar-1981,27.9,28,27.4,27.4,27.9,28.6,30.1,28,27.8,9.8,9.8,8.7,9.2,8.6,9.2,,9.4,9.4,3,2.2,2.2,2.6,2.2,2.1,2,2.2,2.2,26.6,14.2,49.6,25.8,41.2,,27.8,55.7,,,,27.8,9.9,6.8,7.6,10.3,11.4,,10.8,1.5,,,,9.4,2.3,2.2,0.8,2.0,2.7,,3.7,0.0,,,,2.2
Jun-1981,28.4,28.6,28.1,28.1,28.5,29.2,30.6,28.7,28.4,8.8,8.7,8.9,8.9,8.4,9,,9.1,8.4,1.8,2.1,2.6,2.6,2.2,2.1,1.7,2.5,2.2,26.9,14.4,51.1,26.5,41.8,,28.9,55.1,,,,28.4,8.5,6.7,7.6,10.4,10.3,,9.9,-1.1,,,,8.4,1.1,1.4,3.0,2.7,1.5,,4.0,-1.1,,,,2.2
Sep-1981,28.9,29.3,28.8,28.7,29.4,29.9,31.3,29.3,29,8.6,9.3,9.9,10,9.3,8.7,8.7,9.3,9,1.8,2.4,2.5,2.1,3.2,2.4,2.3,2.1,2.1,27.9,14.9,51.5,27.2,42.8,,28.9,56.4,,,,29.0,10.3,8.0,7.1,10.6,9.2,,9.9,1.3,,,,9.0,3.7,3.5,0.8,2.6,2.4,,0.0,2.4,,,,2.1
Dec-1981,30.1,30.6,29.9,29.8,30.7,31,33.1,30.5,30.2,11.1,11.7,11.6,11.6,12.5,10.7,12.2,11.3,11,4.2,4.4,3.8,3.8,4.4,3.7,5.8,4.1,4.1,28.4,15.1,52.9,28.1,44.3,,30.2,59.1,,,,30.2,9.2,8.6,7.5,11.1,10.5,,12.7,6.1,,,,11.0,1.8,1.3,2.7,3.3,3.5,,4.5,4.8,,,,4.1
Mar-1982,30.7,31,30.6,30.2,31,31.5,33.6,31,30.8,10,10.7,11.7,10.2,11.1,10.1,11.6,10.7,10.8,2,1.3,2.3,1.3,1,1.6,1.5,1.6,2,28.6,15.6,53.1,28.7,45.5,,30.6,60.9,,13.1,,30.8,7.5,9.9,7.1,11.2,10.4,,10.1,9.3,,,,10.8,0.7,3.3,0.4,2.1,2.7,,1.3,3.0,,,,2.0
Jun-1982,31.6,31.7,31,31,31.6,32.1,34.2,31.9,31.5,11.3,10.8,10.3,10.3,10.9,9.9,11.8,11.1,10.9,2.9,2.3,1.3,2.6,1.9,1.9,1.8,2.9,2.3,29.0,15.9,54.5,29.6,46.9,,31.5,61.8,,13.1,,31.5,7.8,10.4,6.7,11.7,12.2,,9.0,12.2,,,,10.9,1.4,1.9,2.6,3.1,3.1,,2.9,1.5,,0.0,,2.3
Sep-1982,32.7,32.8,32,32.1,32.8,33.1,35.3,32.9,32.6,13.1,11.9,11.1,11.8,11.6,10.7,12.8,12.3,12.4,3.5,3.5,3.2,3.5,3.8,3.1,3.2,3.1,3.5,29.9,16.6,55.0,30.4,48.3,,33.3,63.6,,13.1,,32.6,7.2,11.4,6.8,11.8,12.9,,15.2,12.8,,,,12.4,3.1,4.4,0.9,2.7,3.0,,5.7,2.9,,0.0,,3.5
Dec-1982,33.7,33.7,33.1,33,33.7,34.2,36.4,34.2,33.6,12,10.1,10.7,10.7,9.8,10.3,10,12.1,11.3,3.1,2.7,3.4,2.8,2.7,3.3,3.1,4,3.1,30.6,17.5,56.3,31.3,50.1,,33.7,66.1,,13.1,,33.6,7.7,15.9,6.4,11.4,13.1,,11.6,11.8,,,,11.3,2.3,5.4,2.4,3.0,3.7,,1.2,3.9,,0.0,,3.1
Mar-1983,34.4,34.4,33.9,33.9,34.2,35,37.1,34.9,34.3,12.1,11,10.8,12.3,10.3,11.1,10.4,12.6,11.4,2.1,2.1,2.4,2.7,1.5,2.3,1.9,2,2.1,31.2,17.7,56.4,31.7,50.9,,34.7,66.1,,14.8,,34.3,9.1,13.5,6.2,10.5,11.9,,13.4,8.5,,13.0,,11.4,2.0,1.1,0.2,1.3,1.6,,3.0,0.0,,13.0,,2.1
Jun-1983,35.1,35.4,34.3,34.8,34.8,35.6,37.8,35.5,35,11.1,11.7,10.6,12.3,10.1,10.9,10.5,11.3,11.1,2,2.9,1.2,2.7,1.8,1.7,1.9,1.7,2,32.5,18.1,58.3,32.2,51.5,,34.7,66.1,,14.8,,35.0,12.1,13.8,7.0,8.8,9.8,,10.2,7.0,,13.0,,11.1,4.2,2.3,3.4,1.6,1.2,,0.0,0.0,,0.0,,2.0
Sep-1983,35.5,35.9,35.1,35.3,35.8,36.1,38.3,36,35.6,8.6,9.5,9.7,10,9.1,9.1,8.5,9.4,9.2,1.1,1.4,2.3,1.4,2.9,1.4,1.3,1.4,1.7,33.0,18.5,58.3,32.5,52.4,,36.0,66.1,,14.8,,35.6,10.4,11.4,6.0,6.9,8.5,,8.1,3.9,,13.0,,9.2,1.5,2.2,0.0,0.9,1.7,,3.7,0.0,,0.0,,1.7
Dec-1983,36.2,37,35.8,36,36.5,36.9,38.8,36.9,36.5,7.4,9.8,8.2,9.1,8.3,7.9,6.6,7.9,8.6,2,3.1,2,2,2,2.2,1.3,2.5,2.5,33.4,19.6,59.6,33.4,53.9,,37.0,72.5,,14.8,,36.5,9.2,12.0,5.9,6.7,7.6,,9.8,9.7,,13.0,,8.6,1.2,5.9,2.2,2.8,2.9,,2.8,9.7,,0.0,,2.5
Mar-1984,36.1,36.8,35.9,36,36.2,37,39,36.9,36.3,4.9,7,5.9,6.2,5.8,5.7,5.1,5.7,5.8,-0.3,-0.5,0.3,0,-0.8,0.3,0.5,0,-0.5,33.9,20.0,59.8,33.9,54.3,,37.3,72.6,,16.4,,36.3,8.7,13.0,6.0,6.9,6.7,,7.5,9.8,,10.8,,5.8,1.5,2.0,0.3,1.5,0.7,,0.8,0.1,,10.8,,-0.5
Jun-1984,36.1,36.9,36.2,36.1,36.2,37,39,37,36.4,2.8,4.2,5.5,3.7,4,3.9,3.2,4.2,4,0,0.3,0.8,0.3,0,0,0,0.3,0.3,33.8,20.5,61.5,34.6,54.7,,37.9,72.6,,16.4,,36.4,4.0,13.3,5.5,7.5,6.2,,9.2,9.8,,10.8,,4.0,-0.3,2.5,2.8,2.1,0.7,,1.6,0.0,,0.0,,0.3
Sep-1984,36.5,37.5,36.7,36.4,36.8,37.4,39.5,37.5,36.9,2.8,4.5,4.6,3.1,2.8,3.6,3.1,4.2,3.7,1.1,1.6,1.4,0.8,1.7,1.1,1.3,1.4,1.4,34.5,20.8,61.8,35.2,55.3,,38.4,72.6,,16.5,,36.9,4.5,12.4,6.0,8.3,5.5,,6.7,9.8,,11.5,,3.7,2.1,1.5,0.5,1.7,1.1,,1.3,0.0,,0.6,,1.4
Dec-1984,37.1,37.9,37.1,37.2,37.2,38.2,39.9,38.1,37.4,2.5,2.4,3.6,3.3,1.9,3.5,2.8,3.3,2.5,1.6,1.1,1.1,2.2,1.1,2.1,1,1.6,1.4,35.0,21.2,63.3,35.8,55.8,,38.7,72.6,,16.5,,37.4,4.8,8.2,6.2,7.2,3.5,,4.6,0.1,,11.5,,2.5,1.4,1.9,2.4,1.7,0.9,,0.8,0.0,,0.0,,1.4
Mar-1985,37.6,38.4,37.6,37.7,37.8,38.8,40.3,38.7,37.9,4.2,4.3,4.7,4.7,4.4,4.9,3.3,4.9,4.4,1.3,1.3,1.3,1.3,1.6,1.6,1,1.6,1.3,35.4,21.5,63.5,36.3,56.7,,39.4,74.8,,17.9,,37.9,4.4,7.5,6.2,7.1,4.4,,5.6,3.0,,9.1,,4.4,1.1,1.4,0.3,1.4,1.6,,1.8,3.0,,8.5,,1.3
Jun-1985,38.4,39.5,38.3,38.7,38.7,39.7,41.2,39.6,38.8,6.4,7,5.8,7.2,6.9,7.3,5.6,7,6.6,2.1,2.9,1.9,2.7,2.4,2.3,2.2,2.3,2.4,36.0,21.8,65.3,37.2,57.6,,41.2,76.4,,17.9,,38.8,6.5,6.3,6.2,7.5,5.3,,8.7,5.2,,9.1,,6.6,1.7,1.4,2.8,2.5,1.6,,4.6,2.1,,0.0,,2.4
Sep-1985,39.3,40.3,39.3,39.5,39.4,40.7,42.6,40.5,39.7,7.7,7.5,7.1,8.5,7.1,8.8,7.8,8,7.6,2.3,2,2.6,2.1,1.8,2.5,3.4,2.3,2.3,36.7,22.4,66.1,38.0,58.8,,42.0,76.4,,17.9,,39.7,6.4,7.7,7.0,8.0,6.3,,9.4,5.2,,8.5,,7.6,1.9,2.8,1.2,2.2,2.1,,1.9,0.0,,0.0,,2.3
Dec-1985,40.2,41,40,40.4,40.3,41.5,43.1,41.4,40.5,8.4,8.2,7.8,8.6,8.3,8.6,8,8.7,8.3,2.3,1.7,1.8,2.3,2.3,2,1.2,2.2,2,37.6,22.9,68.3,38.9,60.6,,42.3,77.9,,17.9,,40.5,7.4,8.0,7.9,8.7,8.6,,9.3,7.3,,8.5,,8.3,2.5,2.2,3.3,2.4,3.1,,0.7,2.0,,0.0,,2.0
Mar-1986,41.1,42.1,41,41,41,42.2,43.9,42.3,41.4,9.3,9.6,9,8.8,8.5,8.8,8.9,9.3,9.2,2.2,2.7,2.5,1.5,1.7,1.7,1.9,2.2,2.2,38.3,23.6,68.7,39.6,61.7,,43.7,78.5,,19.7,,41.4,8.2,9.8,8.2,9.1,8.8,,10.9,4.9,,10.1,,9.2,1.9,3.1,0.6,1.8,1.8,,3.3,0.8,,10.1,,2.2
Jun-1986,41.8,42.8,41.4,41.8,41.7,43.1,44.4,43,42.1,8.9,8.4,8.1,8,7.8,8.6,7.8,8.6,8.5,1.7,1.7,1,2,1.7,2.1,1.1,1.7,1.7,39.2,24.1,72.0,40.3,62.6,,43.0,78.5,,19.7,,42.1,8.9,10.6,10.3,8.3,8.7,,4.4,2.7,,10.1,,8.5,2.3,2.1,4.8,1.8,1.5,,-1.6,0.0,,0.0,,1.7
Sep-1986,42.8,43.9,42.5,43,43.1,44.2,45.6,43.9,43.2,8.9,8.9,8.1,8.9,9.4,8.6,7,8.4,8.8,2.4,2.6,2.7,2.9,3.4,2.6,2.7,2.1,2.6,40.3,24.6,72.3,41.0,63.6,,45.2,79.1,,19.7,,43.2,9.8,9.8,9.4,7.9,8.2,,7.6,3.5,,10.1,,8.8,2.8,2.1,0.4,1.7,1.6,,5.1,0.8,,0.0,,2.6
Dec-1986,44.1,45.2,43.6,44.1,44.4,45.7,47.2,45,44.4,9.7,10.2,9,9.2,10.2,10.1,9.5,8.7,9.6,3,3,2.6,2.6,3,3.4,3.5,2.5,2.8,40.9,25.4,75.3,41.7,65.0,,47.3,80.8,,19.7,,44.4,8.8,10.9,10.2,7.2,7.3,,11.8,3.7,,10.1,,9.6,1.5,3.3,4.1,1.7,2.2,,4.6,2.1,,0.0,,2.8
Mar-1987,45,46,44.5,44.9,45.2,46.6,48,45.8,45.3,9.5,9.3,8.5,9.5,10.2,10.4,9.3,8.3,9.4,2,1.8,2.1,1.8,1.8,2,1.7,1.8,2,41.3,26.1,75.8,42.5,65.7,,48.6,81.4,,21.7,,45.3,7.8,10.6,10.3,7.3,6.5,,11.2,3.7,,10.2,,9.4,1.0,2.8,0.7,1.9,1.1,,2.7,0.7,,10.2,,2.0
Jun-1987,45.7,46.8,45.1,45.6,46,47.4,48.8,46.5,46,9.3,9.3,8.9,9.1,10.3,10,9.9,8.1,9.3,1.6,1.7,1.3,1.6,1.8,1.7,1.7,1.5,1.5,41.4,26.7,78.1,43.3,67.2,,49.0,81.6,,21.7,,46.0,5.6,10.8,8.5,7.4,7.3,,14.0,3.9,,10.2,,9.3,0.2,2.3,3.0,1.9,2.3,,0.8,0.2,,0.0,,1.5
Sep-1987,46.5,47.6,45.7,46.1,46.7,48.2,49.6,47.1,46.8,8.6,8.4,7.5,7.2,8.4,9,8.8,7.3,8.3,1.8,1.7,1.3,1.1,1.5,1.7,1.6,1.3,1.7,42.0,27.1,78.7,44.0,68.5,,50.0,86.2,,21.7,,46.8,4.2,10.2,8.9,7.3,7.7,,10.6,9.0,,10.2,,8.3,1.4,1.5,0.8,1.6,1.9,,2.0,5.6,,0.0,,1.7
Dec-1987,47.2,48.4,46.6,47.1,47.5,49,50.4,48,47.6,7,7.1,6.9,6.8,7,7.2,6.8,6.7,7.2,1.5,1.7,2,2.2,1.7,1.7,1.6,1.9,1.7,42.6,27.6,81.0,44.6,69.6,,51.3,87.8,,21.7,,47.6,4.2,8.7,7.6,7.0,7.1,,8.5,8.7,,10.2,,7.2,1.4,1.8,2.9,1.4,1.6,,2.6,1.9,,0.0,,1.7
Mar-1988,48.3,49.1,47.4,47.7,48.2,49.8,51.1,48.9,48.4,7.3,6.7,6.5,6.2,6.6,6.9,6.5,6.8,6.8,2.3,1.4,1.7,1.3,1.5,1.6,1.4,1.9,1.7,43.3,28.2,81.1,45.3,70.3,,51.9,87.3,,24.3,,48.4,4.8,8.0,7.0,6.6,7.0,,6.8,7.2,,12.0,,6.8,1.6,2.2,0.1,1.6,1.0,,1.2,-0.6,,12.0,,1.7
Jun-1988,49,50.1,48.3,48.5,49.1,50.5,51.9,49.8,49.3,7.2,7.1,7.1,6.4,6.7,6.5,6.4,7.1,7.2,1.4,2,1.9,1.7,1.9,1.4,1.6,1.8,1.9,44.7,28.6,84.1,46.2,71.4,,51.7,87.3,,24.3,,49.3,8.0,7.1,7.7,6.7,6.3,,5.5,7.0,,12.0,,7.2,3.2,1.4,3.7,2.0,1.6,,-0.4,0.0,,0.0,,1.9
Sep-1988,50.3,50.8,49,49.5,50.1,51.1,52.2,50.4,50.2,8.2,6.7,7.2,7.4,7.3,6,5.2,7,7.3,2.7,1.4,1.4,2.1,2,1.2,0.6,1.2,1.8,45.9,29.0,84.5,48.1,72.6,,52.5,88.2,,24.3,,50.2,9.3,7.0,7.4,9.3,6.0,,5.0,2.3,,12.0,,7.3,2.7,1.4,0.5,4.1,1.7,,1.5,1.0,,0.0,,1.8
Dec-1988,51.6,51.7,49.9,50.3,51.1,51.9,52.8,51.3,51.2,9.3,6.8,7.1,6.8,7.6,5.9,4.8,6.9,7.6,2.6,1.8,1.8,1.6,2,1.6,1.1,1.8,2,46.6,29.0,87.1,51.0,73.8,,52.7,90.4,,24.3,,51.2,9.4,5.1,7.5,14.3,6.0,,2.7,3.0,,12.0,,7.6,1.5,0.0,3.1,6.0,1.7,,0.4,2.5,,0.0,,2.0
Mar-1989,51.7,52.4,50.6,51.3,51.6,52.9,53.5,51.9,51.7,7,6.7,6.8,7.5,7.1,6.2,4.7,6.1,6.8,0.2,1.4,1.4,2,1,1.9,1.3,1.2,1,47.4,29.6,87.1,50.5,74.3,,53.2,89.3,,27.3,,51.7,9.5,5.0,7.4,11.5,5.7,,2.5,2.3,,12.3,,6.8,1.7,2.1,0.0,-1.0,0.7,,0.9,-1.2,,12.3,,1.0
Jun-1989,52.9,53.8,51.8,52.3,52.8,53.9,54.4,53.1,53,8,7.4,7.2,7.8,7.5,6.7,4.8,6.6,7.5,2.3,2.7,2.4,1.9,2.3,1.9,1.7,2.3,2.5,48.8,30.2,89.4,53.2,75.1,,54.4,87.4,,27.3,,53.0,9.2,5.6,6.3,15.2,5.2,,5.2,0.1,,12.3,,7.5,3.0,2.0,2.6,5.3,1.1,,2.3,-2.1,,0.0,,2.5
Sep-1989,54.4,55,52.8,53.2,54,54.8,55.2,53.9,54.2,8.2,8.3,7.8,7.5,7.8,7.2,5.7,6.9,8,2.8,2.2,1.9,1.7,2.3,1.7,1.5,1.5,2.3,50.0,30.9,89.6,56.1,76.2,34.8,55.7,87.4,71.8,27.3,,54.2,8.9,6.6,6.0,16.6,5.0,,6.1,-0.9,,12.3,,8.0,2.5,2.3,0.2,5.5,1.5,,2.4,0.0,,0.0,,2.3
Dec-1989,55.4,56,53.7,54,55.1,55.8,56.2,55.1,55.2,7.4,8.3,7.6,7.4,7.8,7.5,6.4,7.4,7.8,1.8,1.8,1.7,1.5,2,1.8,1.8,2.2,1.8,50.2,31.5,91.4,58.0,77.3,35.0,57.0,88.2,73.9,27.3,,55.2,7.7,8.6,4.9,13.7,4.7,,8.2,-2.4,,12.3,,7.8,0.4,1.9,2.0,3.4,1.4,0.6,2.3,0.9,2.9,0.0,,1.8
Mar-1990,56.3,56.9,54.5,54.8,56.4,56.7,56.9,56.2,56.2,8.9,8.6,7.7,6.8,9.3,7.2,6.4,8.3,8.7,1.6,1.6,1.5,1.5,2.4,1.6,1.2,2,1.8,50.3,32.2,91.5,59.1,78.5,36.5,58.5,88.3,74.5,31.1,,56.2,6.1,8.8,5.1,17.0,5.7,,10.0,-1.1,,13.9,,8.7,0.2,2.2,0.1,1.9,1.6,4.3,2.6,0.1,0.8,13.9,,1.8
Jun-1990,57.2,58,55.3,55.8,57.3,57.2,57.9,56.8,57.1,8.1,7.8,6.8,6.7,8.5,6.1,6.4,7,7.7,1.6,1.9,1.5,1.8,1.6,0.9,1.8,1.1,1.6,51.7,32.8,93.4,60.1,79.8,36.9,58.8,88.4,75.3,31.1,,57.1,5.9,8.6,4.5,13.0,6.3,,8.1,1.1,,13.9,,7.7,2.8,1.9,2.1,1.7,1.7,1.1,0.5,0.1,1.1,0.0,,1.6
Sep-1990,57.6,58.5,55.6,56.5,57.8,57.8,58.5,57.2,57.5,5.9,6.4,5.3,6.2,7,5.5,6,6.1,6.1,0.7,0.9,0.5,1.3,0.9,1,1,0.7,0.7,51.3,33.5,94.0,60.4,80.5,37.4,60.0,90.4,75.6,31.1,,57.5,2.6,8.4,4.9,7.7,5.6,7.5,7.7,3.4,5.3,13.9,,6.1,-0.8,2.1,0.6,0.5,0.9,1.4,2.0,2.3,0.4,0.0,,0.7
Dec-1990,58.9,60.2,57,58.2,59.2,59.2,60.2,58.8,59,6.3,7.5,6.1,7.8,7.4,6.1,7.1,6.7,6.9,2.3,2.9,2.5,3,2.4,2.4,2.9,2.8,2.6,51.8,34.6,95.6,61.0,82.0,39.1,64.0,90.4,78.4,31.1,,59.0,3.2,9.8,4.6,5.2,6.1,11.7,12.3,2.5,6.1,13.9,,6.9,1.0,3.3,1.7,1.0,1.9,4.5,6.7,0.0,3.7,0.0,,2.6
Mar-1991,59,59.9,57.2,58.1,58.6,59.1,60,58.6,58.9,4.8,5.3,5,6,3.9,4.2,5.4,4.3,4.8,0.2,-0.5,0.4,-0.2,-1,-0.2,-0.3,-0.3,-0.2,52.9,35.0,96.0,60.1,82.4,40.8,61.1,90.4,77.7,34.3,,58.9,5.2,8.7,4.9,1.7,5.0,11.8,4.4,2.4,4.3,10.3,,4.8,2.1,1.2,0.4,-1.5,0.5,4.3,-4.5,0.0,-0.9,10.3,,-0.2
Jun-1991,58.9,60.3,57.2,58.4,58.6,59.4,60.3,58.6,59,3,4,3.4,4.7,2.3,3.8,4.1,3.2,3.3,-0.2,0.7,0,0.5,0,0.5,0.5,0,0.2,52.7,35.7,97.4,60.1,82.7,41.6,60.7,90.5,77.0,34.3,,59.0,1.9,8.8,4.3,0.0,3.6,12.7,3.2,2.4,2.3,10.3,,3.3,-0.4,2.0,1.5,0.0,0.4,2.0,-0.7,0.1,-0.9,0.0,,0.2
Sep-1991,59.2,60.8,57.4,58.8,58.9,59.9,60.4,59.4,59.3,2.8,3.9,3.2,4.1,1.9,3.6,3.2,3.8,3.1,0.5,0.8,0.3,0.7,0.5,0.8,0.2,1.4,0.5,53.1,36.2,97.0,58.9,83.4,42.7,61.9,94.1,77.9,34.3,,59.3,3.5,8.1,3.2,-2.5,3.6,14.2,3.2,4.1,3.0,10.3,,3.1,0.8,1.4,-0.4,-2.0,0.8,2.6,2.0,4.0,1.2,0.0,,0.5
Dec-1991,59.8,61.2,58,59.3,59.1,60.3,61.2,59.9,59.9,1.5,1.7,1.8,1.9,-0.2,1.9,1.7,1.9,1.5,1,0.7,1,0.9,0.3,0.7,1.3,0.8,1,53.3,36.6,97.5,58.6,84.0,44.9,62.8,94.1,78.8,34.3,,59.9,2.9,5.8,2.0,-3.9,2.4,14.8,-1.9,4.1,0.5,10.3,,1.5,0.4,1.1,0.5,-0.5,0.7,5.2,1.5,0.0,1.2,0.0,,1.0
Mar-1992,59.8,61.2,58.1,59.6,59.1,60.3,61.2,60.1,59.9,1.4,2.2,1.6,2.6,0.9,2,2,2.6,1.7,0,0,0.2,0.5,0,0,0,0.3,0,53.6,36.7,97.3,57.2,83.7,47.8,62.8,94.9,77.7,37.0,,59.9,1.3,4.9,1.4,-4.8,1.6,17.2,2.8,5.0,0.0,7.9,,1.7,0.6,0.3,-0.2,-2.4,-0.4,6.5,0.0,0.9,-1.4,7.9,,0.0
Jun-1992,59.5,61.1,57.9,59.6,58.8,60.1,61.3,59.9,59.7,1,1.3,1.2,2.1,0.3,1.2,1.7,2.2,1.2,-0.5,-0.2,-0.3,0,-0.5,-0.3,0.2,-0.3,-0.3,53.8,37.1,97.8,56.1,84.2,45.0,62.6,94.2,77.7,37.0,,59.7,2.1,3.9,0.4,-6.7,1.8,8.2,3.1,4.1,0.9,7.9,,1.2,0.4,1.1,0.5,-1.9,0.6,-5.9,-0.3,-0.7,0.0,0.0,,-0.3
Sep-1992,59.7,61,57.8,60,58.8,60.4,61.6,60.3,59.8,0.8,0.3,0.7,2,-0.2,0.8,2,1.5,0.8,0.3,-0.2,-0.2,0.7,0,0.5,0.5,0.7,0.2,53.6,38.3,97.6,55.2,83.7,44.9,63.8,94.1,78.0,37.0,,59.8,0.9,5.8,0.6,-6.3,0.4,5.2,3.1,0.0,0.1,7.9,,0.8,-0.4,3.2,-0.2,-1.6,-0.6,-0.2,1.9,-0.1,0.4,0.0,,0.2
Dec-1992,60,61.1,58.5,60.3,59.1,60.6,61.7,60.5,60.1,0.3,-0.2,0.9,1.7,0,0.5,0.8,1,0.3,0.5,0.2,1.2,0.5,0.5,0.3,0.2,0.3,0.5,53.9,39.4,98.7,54.8,83.8,45.4,63.8,94.4,79.1,37.0,,60.1,1.1,7.7,1.2,-6.5,-0.2,1.1,1.6,0.3,0.4,7.9,,0.3,0.6,2.9,1.1,-0.7,0.1,1.1,0.0,0.3,1.4,0.0,,0.5
Mar-1993,60.4,61.9,59,60.8,59.3,61.2,62.1,61.1,60.6,1,1.1,1.5,2,0.3,1.5,1.5,1.7,1.2,0.7,1.3,0.9,0.8,0.3,1,0.6,1,0.8,55.1,40.2,98.4,55.1,83.4,47.0,64.0,94.4,79.3,38.6,,60.6,2.8,9.5,1.1,-3.7,-0.4,-1.7,1.9,-0.5,2.1,4.3,,1.2,2.2,2.0,-0.3,0.5,-0.5,3.5,0.3,0.0,0.3,4.3,,0.8
Jun-1993,60.5,62.2,59.3,61.2,59.5,61.4,62.2,61.2,60.8,1.7,1.8,2.4,2.7,1.2,2.2,1.5,2.2,1.8,0.2,0.5,0.5,0.7,0.3,0.3,0.2,0.2,0.3,54.6,40.8,99.0,55.5,83.7,47.2,64.4,93.7,79.7,38.6,,60.8,1.5,10.0,1.2,-1.1,-0.6,4.9,2.9,-0.5,2.6,4.3,,1.8,-0.9,1.5,0.6,0.7,0.4,0.4,0.6,-0.7,0.5,0.0,,0.3
Sep-1993,60.7,62.4,59.4,61.4,60.1,62.3,62.5,61.6,61.1,1.7,2.3,2.8,2.3,2.2,3.1,1.5,2.2,2.2,0.3,0.3,0.2,0.3,1,1.5,0.5,0.7,0.5,55.0,41.7,98.0,55.4,83.8,47.2,65.1,93.2,80.0,38.6,,61.1,2.6,8.9,0.4,0.4,0.1,5.1,2.0,-1.0,2.6,4.3,,2.2,0.7,2.2,-1.0,-0.2,0.1,0.0,1.1,-0.5,0.4,0.0,,0.5
Dec-1993,60.8,62.6,59.6,61.4,60.5,62.6,63.2,61.8,61.2,1.3,2.5,1.9,1.8,2.4,3.3,2.4,2.1,1.8,0.2,0.3,0.3,0,0.7,0.5,1.1,0.3,0.2,55.3,42.4,97.8,54.6,83.7,47.3,65.3,93.0,81.1,38.6,,61.2,2.6,7.6,-0.9,-0.4,-0.1,4.2,2.4,-1.5,2.5,4.3,,1.8,0.5,1.7,-0.2,-1.4,-0.1,0.2,0.3,-0.2,1.4,0.0,,0.2
Mar-1994,60.9,62.8,59.9,61.9,60.5,62.8,63,61.8,61.5,0.8,1.5,1.5,1.8,2,2.6,1.4,1.1,1.5,0.2,0.3,0.5,0.8,0,0.3,-0.3,0,0.5,55.5,42.9,97.3,54.7,84.1,49.0,65.1,94.0,80.5,40.0,,61.5,0.7,6.7,-1.1,-0.7,0.8,4.3,1.7,-0.4,1.5,3.6,,1.5,0.4,1.2,-0.5,0.2,0.5,3.6,-0.3,1.1,-0.7,3.6,,0.5
Jun-1994,61.4,63.3,60.3,62.3,60.8,63.1,63.5,62.2,61.9,1.5,1.8,1.7,1.8,2.2,2.8,2.1,1.6,1.8,0.8,0.8,0.7,0.6,0.5,0.5,0.8,0.6,0.7,55.3,43.4,97.4,55.1,84.4,49.4,66.2,94.0,81.3,40.0,,61.9,1.3,6.4,-1.6,-0.7,0.8,4.7,2.8,0.3,2.0,3.6,,1.8,-0.4,1.2,0.1,0.7,0.4,0.8,1.7,0.0,1.0,0.0,,0.7
Sep-1994,62,63.4,60.9,62.6,61.3,63.6,63.9,62.5,62.3,2.1,1.6,2.5,2,2,2.1,2.2,1.5,2,1,0.2,1,0.5,0.8,0.8,0.6,0.5,0.6,55.8,43.8,97.6,55.4,84.4,50.2,67.3,94.0,81.3,40.0,,62.3,1.5,5.0,-0.4,0.0,0.7,6.4,3.4,0.9,1.6,3.6,,2.0,0.9,0.9,0.2,0.5,0.0,1.6,1.7,0.0,0.0,0.0,,0.6
Dec-1994,62.4,63.9,61.5,63.2,61.8,64.1,64.3,63.2,62.8,2.6,2.1,3.2,2.9,2.1,2.4,1.7,2.3,2.6,0.6,0.8,1,1,0.8,0.8,0.6,1.1,0.8,56.0,44.4,97.8,56.9,84.9,50.3,67.1,95.0,82.5,40.0,,62.8,1.3,4.7,0.0,4.2,1.4,6.3,2.8,2.2,1.7,3.6,,2.6,0.4,1.4,0.2,2.7,0.6,0.2,-0.3,1.1,1.5,0.0,,0.8
Mar-1995,63.5,65,62.6,64.2,63,65.2,65.2,64.5,63.8,4.3,3.5,4.5,3.7,4.1,3.8,3.5,4.4,3.7,1.8,1.7,1.8,1.6,1.9,1.7,1.4,2.1,1.6,57.2,45.0,97.2,60.0,85.2,51.6,67.4,95.0,82.8,41.7,,63.8,3.1,4.9,-0.1,9.7,1.3,5.3,3.5,1.1,2.9,4.3,,3.7,2.1,1.4,-0.6,5.4,0.4,2.6,0.4,0.0,0.4,4.3,,1.6
Jun-1995,64.4,65.6,63.2,64.7,64,65.7,66,65.3,64.7,4.9,3.6,4.8,3.9,5.3,4.1,3.9,5,4.5,1.4,0.9,1,0.8,1.6,0.8,1.2,1.2,1.4,57.5,46.7,98.1,61.1,85.9,52.4,68.3,94.9,83.3,41.7,,64.7,4.0,7.6,0.7,10.9,1.8,6.1,3.2,1.0,2.5,4.3,,4.5,0.5,3.8,0.9,1.8,0.8,1.6,1.3,-0.1,0.6,0.0,,1.4
Sep-1995,65.5,66.4,63.8,65.4,64.4,66.5,66.7,66.1,65.5,5.6,4.7,4.8,4.5,5.1,4.6,4.4,5.8,5.1,1.7,1.2,0.9,1.1,0.6,1.2,1.1,1.2,1.2,58.3,48.3,97.7,61.5,86.5,52.6,70.1,94.9,83.4,41.7,,65.5,4.5,10.3,0.1,11.0,2.5,4.8,4.2,1.0,2.6,4.3,,5.1,1.4,3.4,-0.4,0.7,0.7,0.4,2.6,0.0,0.1,0.0,,1.2
Dec-1995,66.1,66.9,64.2,66,64.8,66.9,67.4,66.6,66,5.9,4.7,4.4,4.4,4.9,4.4,4.8,5.4,5.1,0.9,0.8,0.6,0.9,0.6,0.6,1,0.8,0.8,58.5,49.5,98.0,61.9,87.0,53.4,70.3,94.9,84.4,41.7,,66.0,4.5,11.5,0.2,8.8,2.5,6.2,4.8,-0.1,2.3,4.3,,5.1,0.3,2.5,0.3,0.7,0.6,1.5,0.3,0.0,1.2,0.0,,0.8
Mar-1996,66.5,66.8,64.7,66.2,65.2,67.4,67.7,67,66.2,4.7,2.8,3.4,3.1,3.5,3.4,3.8,3.9,3.8,0.6,-0.1,0.8,0.3,0.6,0.7,0.4,0.6,0.3,58.6,50.3,97.8,61.7,87.0,54.6,70.4,94.1,85.0,44.1,,66.2,2.4,11.8,0.6,2.8,2.1,5.8,4.5,-0.9,2.7,5.8,,3.8,0.2,1.6,-0.2,-0.3,0.0,2.2,0.1,-0.8,0.7,5.8,,0.3
Jun-1996,67,67.3,65.1,66.5,65.7,67.7,68.3,67.4,66.7,4,2.6,3,2.8,2.7,3,3.5,3.2,3.1,0.8,0.7,0.6,0.5,0.8,0.4,0.9,0.6,0.8,59.2,51.0,98.3,62.0,87.7,54.7,71.2,94.0,84.2,44.1,,66.7,3.0,9.2,0.2,1.5,2.1,4.4,4.2,-0.9,1.1,5.8,,3.1,1.0,1.4,0.5,0.5,0.8,0.2,1.1,-0.1,-0.9,0.0,,0.8
Sep-1996,67.1,67.6,65.2,66.6,65.9,68,68.8,67.4,66.9,2.4,1.8,2.2,1.8,2.3,2.3,3.1,2,2.1,0.1,0.4,0.2,0.2,0.3,0.4,0.7,0,0.3,59.8,51.1,98.1,61.9,88.2,55.2,70.9,94.0,84.2,44.1,,66.9,2.6,5.8,0.4,0.7,2.0,4.9,1.1,-0.9,1.0,5.8,,2.1,1.0,0.2,-0.2,-0.2,0.6,0.9,-0.4,0.0,0.0,0.0,,0.3
Dec-1996,67.2,67.7,65.3,66.8,66,68.1,68.8,67.4,67,1.7,1.2,1.7,1.2,1.9,1.8,2.1,1.2,1.5,0.1,0.1,0.2,0.3,0.2,0.1,0,0,0.1,60.3,51.4,98.4,60.2,88.6,56.0,71.6,93.6,84.7,44.1,,67.0,3.1,3.8,0.4,-2.7,1.8,4.9,1.8,-1.4,0.4,5.8,,1.5,0.8,0.6,0.3,-2.7,0.5,1.4,1.0,-0.4,0.6,0.0,,0.1
Mar-1997,67.3,67.8,65.7,66.8,65.9,68.4,68.8,67.4,67.1,1.2,1.5,1.5,0.9,1.1,1.5,1.6,0.6,1.4,0.1,0.1,0.6,0,-0.2,0.4,0,0,0.1,60.7,51.6,97.9,58.4,88.5,58.0,72.0,93.7,85.5,47.0,,67.1,3.6,2.6,0.1,-5.3,1.7,6.2,2.3,-0.4,0.6,6.6,,1.4,0.7,0.4,-0.5,-3.0,-0.1,3.6,0.6,0.1,0.9,6.6,,0.1
Jun-1997,67.1,67.7,65.5,66.4,65.8,68.1,68.7,66.8,66.9,0.1,0.6,0.6,-0.2,0.2,0.6,0.6,-0.9,0.3,-0.3,-0.1,-0.3,-0.6,-0.2,-0.4,-0.1,-0.9,-0.3,61.1,51.7,98.2,56.5,88.8,59.6,71.2,93.7,85.3,47.0,,66.9,3.2,1.4,-0.1,-8.9,1.3,9.0,0.0,-0.3,1.3,6.6,,0.3,0.7,0.2,0.3,-3.3,0.3,2.8,-1.1,0.0,-0.2,0.0,,-0.3
Sep-1997,66.9,67.5,65.3,66,65.5,67.7,68.4,66.5,66.6,-0.3,-0.1,0.2,-0.9,-0.6,-0.4,-0.6,-1.3,-0.4,-0.3,-0.3,-0.3,-0.6,-0.5,-0.6,-0.4,-0.4,-0.4,61.1,51.6,98.0,55.9,88.4,56.8,71.5,93.8,86.1,47.0,,66.6,2.2,1.0,-0.1,-9.7,0.2,2.9,0.8,-0.2,2.3,6.6,,-0.4,0.0,-0.2,-0.2,-1.1,-0.5,-4.7,0.4,0.1,0.9,0.0,,-0.4
Dec-1997,67.1,67.7,65.7,66,65.5,68,68.3,66.5,66.8,-0.1,0,0.6,-1.2,-0.8,-0.1,-0.7,-1.3,-0.3,0.3,0.3,0.6,0,0,0.4,-0.1,0,0.3,61.2,52.4,98.7,54.9,88.7,59.0,71.3,94.1,86.4,47.0,,66.8,1.5,1.9,0.3,-8.8,0.1,5.4,-0.4,0.5,2.0,6.6,,-0.3,0.2,1.6,0.7,-1.8,0.3,3.9,-0.3,0.3,0.3,0.0,,0.3
Mar-1998,67.4,67.6,65.9,66.3,65.7,68.2,68.7,66.9,67,0.1,-0.3,0.3,-0.7,-0.3,-0.3,-0.1,-0.7,-0.1,0.4,-0.1,0.3,0.5,0.3,0.3,0.6,0.6,0.3,61.7,52.7,98.3,54.5,88.7,59.9,70.7,94.1,87.6,49.7,,67.0,1.6,2.1,0.4,-6.7,0.2,3.3,-1.8,0.4,2.5,5.7,,-0.1,0.8,0.6,-0.4,-0.7,0.0,1.5,-0.8,0.0,1.4,5.7,,0.3
Jun-1998,67.8,68,66.2,66.7,66.2,68.5,68.9,67.3,67.4,1,0.4,1.1,0.5,0.6,0.6,0.3,0.7,0.7,0.6,0.6,0.5,0.6,0.8,0.4,0.3,0.6,0.6,62.2,53.2,98.2,55.1,88.9,61.4,70.6,93.4,87.6,49.7,,67.4,1.8,2.9,0.0,-2.5,0.1,3.0,-0.8,-0.3,2.7,5.7,,0.7,0.8,0.9,-0.1,1.1,0.2,2.5,-0.1,-0.7,0.0,0.0,,0.6
Sep-1998,68,68,66.3,67,66.7,68.9,69.1,67.3,67.5,1.6,0.7,1.5,1.5,1.8,1.8,1,1.2,1.4,0.3,0,0.2,0.4,0.8,0.6,0.3,0,0.1,63.0,53.4,98.0,55.3,88.8,61.8,70.3,92.6,87.2,49.8,,67.5,3.1,3.5,0.0,-1.1,0.5,8.8,-1.7,-1.3,1.3,6.0,,1.4,1.3,0.4,-0.2,0.4,-0.1,0.7,-0.4,-0.9,-0.5,0.2,,0.1
Dec-1998,68.4,68.3,66.5,67.3,67,68.9,69.3,67.5,67.8,1.9,0.9,1.2,2,2.3,1.3,1.5,1.5,1.5,0.6,0.4,0.3,0.4,0.4,0,0.3,0.3,0.4,63.7,53.5,97.9,55.7,88.9,61.4,70.1,91.7,88.1,49.8,,67.8,4.1,2.1,-0.8,1.5,0.2,4.1,-1.7,-2.6,2.0,6.0,,1.5,1.1,0.2,-0.1,0.7,0.1,-0.6,-0.3,-1.0,1.0,0.0,,0.4
Mar-1999,68.4,68.3,66.4,66.8,66.7,68.6,69,67.4,67.8,1.5,1,0.8,0.8,1.5,0.6,0.4,0.7,1.2,0,0,-0.2,-0.7,-0.4,-0.4,-0.4,-0.1,0,64.4,54.0,97.3,56.1,88.1,55.4,69.7,89.1,88.7,51.9,,67.8,4.4,2.5,-1.0,2.9,-0.7,-7.5,-1.4,-5.3,1.3,4.4,,1.2,1.1,0.9,-0.6,0.7,-0.9,-9.8,-0.6,-2.8,0.7,4.2,,0.0
Jun-1999,68.7,68.6,66.6,67.3,67.3,68.8,69.4,67.4,68.1,1.3,0.9,0.6,0.9,1.7,0.4,0.7,0.1,1,0.4,0.4,0.3,0.7,0.9,0.3,0.6,0,0.4,64.6,54.3,97.6,56.4,88.5,55.6,70.6,88.9,88.4,51.9,,68.1,3.9,2.1,-0.6,2.4,-0.4,-9.4,0.0,-4.8,0.9,4.4,,1.0,0.3,0.6,0.3,0.5,0.5,0.4,1.3,-0.2,-0.3,0.0,,0.4
Sep-1999,69.3,69.3,67.1,68.1,67.9,69.2,69.5,68,68.7,1.9,1.9,1.2,1.6,1.8,0.4,0.6,1,1.8,0.9,1,0.8,1.2,0.9,0.6,0.1,0.9,0.9,64.9,54.5,97.2,57.2,88.1,56.2,73.0,86.0,88.9,51.9,,68.7,3.0,2.1,-0.8,3.4,-0.8,-9.1,3.8,-7.1,1.9,4.2,,1.8,0.5,0.4,-0.4,1.4,-0.5,1.1,3.4,-3.3,0.6,0.0,,0.9
Dec-1999,69.7,69.7,67.1,68.5,68.3,69.6,69.9,68.6,69.1,1.9,2,0.9,1.8,1.9,1,0.9,1.6,1.9,0.6,0.6,0,0.6,0.6,0.6,0.6,0.9,0.6,65.1,55.5,96.3,58.1,88.3,56.1,72.6,85.7,89.3,51.9,,69.1,2.2,3.7,-1.6,4.3,-0.7,-8.6,3.6,-6.5,1.4,4.2,,1.9,0.3,1.8,-0.9,1.6,0.2,-0.2,-0.5,-0.3,0.4,0.0,,0.6
Mar-2000,70.3,70.5,67.9,69.1,68.6,70.3,70.3,69.3,69.7,2.8,3.2,2.3,3.4,2.8,2.5,1.9,2.8,2.8,0.9,1.1,1.2,0.9,0.4,1,0.6,1,0.9,65.2,56.5,95.9,58.8,88.0,57.4,74.8,85.9,88.7,54.6,,69.7,1.2,4.6,-1.4,4.8,-0.1,3.6,7.3,-3.6,0.0,5.2,,2.8,0.2,1.8,-0.4,1.2,-0.3,2.3,3.0,0.2,-0.7,5.2,,0.9
Jun-2000,70.9,70.9,68.3,69.5,69.1,71,71.1,69.9,70.2,3.2,3.4,2.6,3.3,2.7,3.2,2.4,3.7,3.1,0.9,0.6,0.6,0.6,0.7,1,1.1,0.9,0.7,65.8,57.0,96.8,59.0,89.0,57.8,75.9,87.0,88.6,54.6,,70.2,1.9,5.0,-0.8,4.6,0.6,4.0,7.5,-2.1,0.2,5.2,,3.1,0.9,0.9,0.9,0.3,1.1,0.7,1.5,1.3,-0.1,0.0,,0.7
Sep-2000,73.5,73.6,71,72.1,71.6,73.7,73.5,72.5,72.9,6.1,6.2,5.8,5.9,5.4,6.5,5.8,6.6,6.1,3.7,3.8,4,3.7,3.6,3.8,3.4,3.7,3.8,66.9,60.6,103.9,62.6,90.7,58.1,77.9,93.0,92.1,54.7,,72.9,3.1,11.2,6.9,9.4,3.0,3.4,6.7,8.1,3.6,5.4,,6.1,1.7,6.3,7.3,6.1,1.9,0.5,2.6,6.9,4.0,0.2,,3.8
Dec-2000,73.8,73.9,71.2,72.2,71.8,73.7,73.9,72.8,73.1,5.9,6,6.1,5.4,5.1,5.9,5.7,6.1,5.8,0.4,0.4,0.3,0.1,0.3,0,0.5,0.4,0.3,67.4,61.3,103.6,62.8,90.7,58.0,78.4,92.4,92.0,54.8,,73.1,3.5,10.5,7.6,8.1,2.7,3.4,8.0,7.8,3.0,5.6,,5.8,0.7,1.2,-0.3,0.3,0.0,-0.2,0.6,-0.6,-0.1,0.2,,0.3
Mar-2001,74.8,74.7,71.8,73,72.2,74.2,73.9,73.3,73.9,6.4,6,5.7,5.6,5.2,5.5,5.1,5.8,6,1.4,1.1,0.8,1.1,0.6,0.7,0,0.7,1.1,69.6,62.8,101.4,63.1,91.4,59.6,78.6,92.0,91.9,57.1,,73.9,6.7,11.2,5.7,7.3,3.9,3.8,5.1,7.1,3.6,4.6,,6.0,3.3,2.4,-2.1,0.5,0.8,2.8,0.3,-0.4,-0.1,4.2,,1.1
Jun-2001,75.4,75.1,72.5,73.6,73.2,74.9,74.7,74,74.5,6.3,5.9,6.1,5.9,5.9,5.5,5.1,5.9,6.1,0.8,0.5,1,0.8,1.4,0.9,1.1,1,0.8,70.2,63.6,103.0,63.2,93.0,59.7,80.1,91.4,91.8,57.1,,74.5,6.7,11.6,6.4,7.1,4.5,3.3,5.5,5.1,3.6,4.6,,6.1,0.9,1.3,1.6,0.2,1.8,0.2,1.9,-0.7,-0.1,0.0,,0.8
Sep-2001,75.6,75.5,72.6,73.7,73.3,74.6,74.9,74,74.7,2.9,2.6,2.3,2.2,2.4,1.2,1.9,2.1,2.5,0.3,0.5,0.1,0.1,0.1,-0.4,0.3,0,0.3,70.6,64.3,101.7,64.2,92.7,59.7,78.7,91.2,92.5,57.1,,74.7,5.5,6.1,-2.1,2.6,2.2,2.8,1.0,-1.9,0.4,4.4,,2.5,0.6,1.1,-1.3,1.6,-0.3,0.0,-1.7,-0.2,0.8,0.0,,0.3
Dec-2001,76.3,76.1,73.5,74.4,73.9,75.2,75.5,74.9,75.4,3.4,3,3.2,3,2.9,2,2.2,2.9,3.1,0.9,0.8,1.2,0.9,0.8,0.8,0.8,1.2,0.9,72.5,64.4,103.1,64.5,93.8,59.5,78.3,92.8,94.1,57.1,,75.4,7.6,5.1,-0.5,2.7,3.4,2.6,-0.1,0.4,2.3,4.2,,3.1,2.7,0.2,1.4,0.5,1.2,-0.3,-0.5,1.8,1.7,0.0,,0.9
Mar-2002,77,76.9,74.2,75,74.5,75.9,75.7,75.3,76.1,2.9,2.9,3.3,2.7,3.2,2.3,2.4,2.7,3,0.9,1.1,1,0.8,0.8,0.9,0.3,0.5,0.9,72.9,65.0,102.7,65.0,93.1,61.3,78.6,92.9,96.3,59.8,,76.1,4.7,3.5,1.3,3.0,1.9,2.9,0.0,1.0,4.8,4.7,,3.0,0.6,0.9,-0.4,0.8,-0.7,3.0,0.4,0.1,2.3,4.7,,0.9
Jun-2002,77.5,77.3,74.7,75.7,75,76.9,76.3,76.2,76.6,2.8,2.9,3,2.9,2.5,2.7,2.1,3,2.8,0.6,0.5,0.7,0.9,0.7,1.3,0.8,1.2,0.7,72.5,65.4,104.1,65.4,93.8,63.0,80.1,93.6,96.8,59.8,,76.6,3.3,2.8,1.1,3.5,0.9,5.5,0.0,2.4,5.4,4.7,,2.8,-0.5,0.6,1.4,0.6,0.8,2.8,1.9,0.8,0.5,0.0,,0.7
Sep-2002,77.9,77.9,75.3,76.4,75.7,77.2,76.6,76.6,77.1,3,3.2,3.7,3.7,3.3,3.5,2.3,3.5,3.2,0.5,0.8,0.8,0.9,0.9,0.4,0.4,0.5,0.7,73.3,66.1,103.4,66.3,93.9,63.2,79.8,95.1,97.3,59.9,,77.1,3.8,2.8,1.7,3.3,1.3,5.9,1.4,4.3,5.2,4.9,,3.2,1.1,1.1,-0.7,1.4,0.1,0.3,-0.4,1.6,0.5,0.2,,0.7
Dec-2002,78.4,78.5,75.7,77.1,76,77.5,77,77.3,77.6,2.8,3.2,3,3.6,2.8,3.1,2,3.2,2.9,0.6,0.8,0.5,0.9,0.4,0.4,0.5,0.9,0.6,74.3,66.1,104.4,66.6,94.8,63.4,80.7,95.5,97.3,60.0,,77.6,2.5,2.6,1.3,3.3,1.1,6.6,3.1,2.9,3.4,5.1,,2.9,1.4,0.0,1.0,0.5,1.0,0.3,1.1,0.4,0.0,0.2,,0.6
Mar-2003,79.4,79.6,76.7,78.7,76.6,78.6,77.7,78.1,78.6,3.1,3.5,3.4,4.9,2.8,3.6,2.6,3.7,3.3,1.3,1.4,1.3,2.1,0.8,1.4,0.9,1,1.3,75.7,66.9,102.9,67.5,93.9,65.7,82.6,95.8,97.7,62.7,,78.6,3.8,2.9,0.2,3.8,0.9,7.2,5.1,3.1,1.5,4.8,,3.3,1.9,1.2,-1.4,1.4,-0.9,3.6,2.4,0.3,0.4,4.5,,1.3
Jun-2003,79.4,79.6,76.7,78.6,76.5,79.1,78,78.1,78.6,2.5,3,2.7,3.8,2,2.9,2.2,2.5,2.6,0,0,0,-0.1,-0.1,0.6,0.4,0,0,75.7,67.3,104.1,68.1,94.7,67.8,80.2,95.9,97.0,62.7,,78.6,4.4,2.9,0.0,4.1,1.0,7.6,0.1,2.5,0.2,4.8,,2.6,0.0,0.6,1.2,0.9,0.9,3.2,-2.9,0.1,-0.7,0.0,,0.0
Sep-2003,79.5,80.1,77.5,79.2,77.2,79.2,77.9,78.8,79.1,2.1,2.8,2.9,3.7,2,2.6,1.7,2.9,2.6,0.1,0.6,1,0.8,0.9,0.1,-0.1,0.9,0.6,75.5,68.6,103.8,69.3,94.7,67.8,81.2,96.6,96.0,62.8,,79.1,3.0,3.8,0.4,4.5,0.9,7.3,1.8,1.6,-1.3,4.8,,2.6,-0.3,1.9,-0.3,1.8,0.0,0.0,1.2,0.7,-1.0,0.2,,0.6
Dec-2003,80.2,80.3,78,79.6,77.5,79.7,78.3,79.3,79.5,2.3,2.3,3,3.2,2,2.8,1.7,2.6,2.4,0.9,0.2,0.6,0.5,0.4,0.6,0.5,0.6,0.5,76.8,69.0,103.5,69.7,94.6,67.9,80.9,96.8,96.8,62.8,,79.5,3.4,4.4,-0.9,4.7,-0.2,7.1,0.2,1.4,-0.5,4.7,,2.4,1.7,0.6,-0.3,0.6,-0.1,0.1,-0.4,0.2,0.8,0.0,,0.5
Mar-2004,80.9,81.1,78.7,80.4,77.8,80.3,78.6,79.9,80.2,1.9,1.9,2.6,2.2,1.6,2.2,1.2,2.3,2,0.9,1,0.9,1,0.4,0.8,0.4,0.8,0.9,78.2,69.8,102.1,70.4,94.1,70.1,81.4,96.9,95.7,67.6,,80.2,3.3,4.3,-0.8,4.3,0.2,6.7,-1.5,1.1,-2.0,7.8,,2.0,1.8,1.2,-1.4,1.0,-0.5,3.2,0.6,0.1,-1.1,7.6,,0.9
Jun-2004,81.2,81.3,79.1,80.9,78.6,81,78.9,80.4,80.6,2.3,2.1,3.1,2.9,2.7,2.4,1.2,2.9,2.5,0.4,0.2,0.5,0.6,1,0.9,0.4,0.6,0.5,77.5,70.3,103.2,70.9,94.1,72.2,82.8,97.3,95.4,67.6,,80.6,2.4,4.5,-0.9,4.1,-0.6,6.5,3.2,1.5,-1.6,7.8,,2.5,-0.9,0.7,1.1,0.7,0.0,3.0,1.7,0.4,-0.3,0.0,,0.5
Sep-2004,81.6,81.5,79.4,81.2,79.1,81.4,79.6,80.8,80.9,2.6,1.7,2.5,2.5,2.5,2.8,2.2,2.5,2.3,0.5,0.2,0.4,0.4,0.6,0.5,0.9,0.5,0.4,77.0,71.0,102.9,71.8,94.1,71.7,83.5,97.7,95.9,67.6,,80.9,2.0,3.5,-0.9,3.6,-0.6,5.8,2.8,1.1,-0.1,7.6,,2.3,-0.6,1.0,-0.3,1.3,0.0,-0.7,0.8,0.4,0.5,0.0,,0.4
Dec-2004,82.3,82.1,80,81.7,79.8,82.4,79.8,81.2,81.5,2.6,2.2,2.6,2.6,3,3.4,1.9,2.4,2.5,0.9,0.7,0.8,0.6,0.9,1.2,0.3,0.5,0.7,78.1,71.4,101.5,72.5,94.6,71.2,84.6,97.9,96.7,67.7,,81.5,1.7,3.5,-1.9,4.0,0.0,4.9,4.6,1.1,-0.1,7.8,,2.5,1.4,0.6,-1.4,1.0,0.5,-0.7,1.3,0.2,0.8,0.1,,0.7
Mar-2005,82.7,82.7,80.7,82.2,80.4,83.1,80.2,81.6,82.1,2.2,2,2.5,2.2,3.3,3.5,2,2.1,2.4,0.5,0.7,0.9,0.6,0.8,0.8,0.5,0.5,0.7,78.8,72.3,100.1,73.2,93.4,74.1,83.8,98.3,97.3,71.8,,82.1,0.8,3.6,-2.0,4.0,-0.7,5.7,2.9,1.4,1.7,6.2,,2.4,0.9,1.3,-1.4,1.0,-1.3,4.1,-0.9,0.4,0.6,6.1,,0.7
Jun-2005,83.2,83,81.1,82.7,81.5,83.5,80.9,82.1,82.6,2.5,2.1,2.5,2.2,3.7,3.1,2.5,2.1,2.5,0.6,0.4,0.5,0.6,1.4,0.5,0.9,0.6,0.6,78.9,72.7,101.0,73.6,94.5,75.8,85.6,97.4,96.0,71.8,85.1,82.6,1.8,3.4,-2.1,3.8,0.4,5.0,3.4,0.1,0.6,6.2,,2.5,0.1,0.6,0.9,0.5,1.2,2.3,2.1,-0.9,-1.3,0.0,,0.6
Sep-2005,84,83.9,81.6,83.6,82.4,84.3,81.8,83.1,83.4,2.9,2.9,2.8,3,4.2,3.6,2.8,2.8,3.1,1,1.1,0.6,1.1,1.1,1,1.1,1.2,1,79.5,73.4,101.1,74.6,94.8,75.0,88.4,96.7,97.2,71.9,85.2,83.4,3.2,3.4,-1.7,3.9,0.7,4.6,5.9,-1.0,1.4,6.4,,3.1,0.8,1.0,0.1,1.4,0.3,-1.1,3.3,-0.7,1.3,0.1,0.1,1.0
Dec-2005,84.3,84.3,82.3,83.9,83,84.8,82.2,83.7,83.8,2.4,2.7,2.9,2.7,4,2.9,3,3.1,2.8,0.4,0.5,0.9,0.4,0.7,0.6,0.5,0.7,0.5,81.0,73.8,101.0,75.1,95.4,74.2,88.0,96.0,97.2,71.9,86.5,83.8,3.7,3.4,-0.5,3.6,0.8,4.2,4.0,-1.9,0.5,6.2,,2.8,1.9,0.5,-0.1,0.7,0.6,-1.1,-0.5,-0.7,0.0,0.0,1.5,0.5
Mar-2006,85,85,83,84.7,83.8,85.4,82.9,84.5,84.5,2.8,2.8,2.9,3,4.2,2.8,3.4,3.6,2.9,0.8,0.8,0.9,1,1,0.7,0.9,1,0.8,82.1,74.7,98.4,75.6,95.1,77.5,89.1,96.4,97.8,76.0,86.0,84.5,4.2,3.3,-1.7,3.3,1.8,4.6,6.3,-1.9,0.5,5.8,,2.9,1.4,1.2,-2.6,0.7,-0.3,4.4,1.3,0.4,0.6,5.7,-0.6,0.8
Jun-2006,86.4,86.2,84.5,85.8,85.4,86.4,84.4,86,85.9,3.8,3.9,4.2,3.7,4.8,3.5,4.3,4.8,4,1.6,1.4,1.8,1.3,1.9,1.2,1.8,1.8,1.7,85.5,75.4,99.3,76.2,95.8,79.3,92.1,96.5,97.5,76.0,87.0,85.9,8.4,3.7,-1.7,3.5,1.4,4.6,7.6,-0.9,1.6,5.8,2.2,4.0,4.1,0.9,0.9,0.8,0.7,2.3,3.4,0.1,-0.3,0.0,1.2,1.7
Sep-2006,87.2,86.8,85.2,86.8,86.3,87.1,85.8,86.6,86.7,3.8,3.5,4.4,3.8,4.7,3.3,4.9,4.2,4,0.9,0.7,0.8,1.2,1.1,0.8,1.7,0.7,0.9,87.5,75.8,99.4,77.1,97.1,78.7,92.5,97.1,98.2,75.3,87.3,86.7,10.1,3.3,-1.7,3.4,2.4,4.9,4.6,0.4,1.0,4.7,2.5,4.0,2.3,0.5,0.1,1.2,1.4,-0.8,0.4,0.6,0.7,-0.9,0.3,0.9
Dec-2006,87,86.7,85.1,86.5,86.6,86.8,86.3,86.4,86.6,3.2,2.8,3.4,3.1,4.3,2.4,5,3.2,3.3,-0.2,-0.1,-0.1,-0.3,0.3,-0.3,0.6,-0.2,-0.1,87.9,76.4,98.9,77.5,97.2,78.1,89.0,97.5,99.5,75.4,87.7,86.6,8.5,3.5,-2.1,3.2,1.9,5.3,1.1,1.6,2.4,4.9,1.4,3.3,0.5,0.8,-0.5,0.5,0.1,-0.8,-3.8,0.4,1.3,0.1,0.5,-0.1
Mar-2007,86.9,86.9,85.5,86.3,86.8,87.3,86.3,86.5,86.6,2.2,2.2,3,1.9,3.6,2.2,4.1,2.4,2.5,-0.1,0.2,0.5,-0.2,0.2,0.6,0,0.1,0,85.8,77.0,98.6,78.3,96.4,80.9,89.5,97.7,98.8,79.1,87.5,86.6,4.5,3.1,0.2,3.6,1.4,4.4,0.4,1.3,1.0,4.1,1.7,2.5,-2.4,0.8,-0.3,1.0,-0.8,3.6,0.6,0.2,-0.7,4.9,-0.2,0.0
Jun-2007,87.9,87.9,86.7,87.3,88,88.4,87.5,87.7,87.7,1.7,2,2.6,1.7,3,2.3,3.7,2,2.1,1.2,1.2,1.4,1.2,1.4,1.3,1.4,1.4,1.3,87.3,77.7,100.0,78.9,97.8,82.6,92.3,97.9,98.4,79.2,88.3,87.7,2.1,3.1,0.7,3.5,2.1,4.2,0.2,1.5,0.9,4.2,1.5,2.1,1.7,0.9,1.4,0.8,1.5,2.1,3.1,0.2,-0.4,0.1,0.9,1.3
Sep-2007,88.3,88.6,87.5,88,88.6,88.6,88.5,88.4,88.3,1.3,2.1,2.7,1.4,2.7,1.7,3.1,2.1,1.8,0.5,0.8,0.9,0.8,0.7,0.2,1.1,0.8,0.7,89.0,78.1,100.3,80.4,95.5,82.1,91.7,97.9,99.7,78.5,90.1,88.3,1.7,3.0,0.9,4.3,-1.6,4.3,-0.9,0.8,1.5,4.2,3.2,1.8,1.9,0.5,0.3,1.9,-2.4,-0.6,-0.7,0.0,1.3,-0.9,2.0,0.7
Dec-2007,89.1,89.5,88.4,88.9,89.3,89.4,88.8,89.2,89.1,2.4,3.2,3.9,2.8,3.1,3,2.9,3.2,2.9,0.9,1,1,1,0.8,0.9,0.3,0.9,0.9,88.9,79.1,100.5,81.3,96.3,81.3,93.9,97.9,100.6,78.5,92.0,89.1,1.1,3.5,1.6,4.9,-0.9,4.1,5.5,0.4,1.1,4.1,4.9,2.9,-0.1,1.3,0.2,1.1,0.8,-1.0,2.4,0.0,0.9,0.0,2.1,0.9
Mar-2008,90.3,90.7,89.6,90.1,90.5,90.5,89.6,90.5,90.3,3.9,4.4,4.8,4.4,4.3,3.7,3.8,4.6,4.3,1.3,1.3,1.4,1.3,1.3,1.2,0.9,1.5,1.3,90.8,80.0,98.1,82.8,95.6,84.5,95.7,97.9,100.2,82.5,93.5,90.3,5.8,3.9,-0.5,5.7,-0.8,4.4,6.9,0.2,1.4,4.3,6.9,4.3,2.1,1.1,-2.4,1.8,-0.7,3.9,1.9,0.0,-0.4,5.1,1.6,1.3
Jun-2008,91.7,91.8,91.1,91.3,92,91.5,90.9,91.6,91.6,4.3,4.4,5.1,4.6,4.5,3.5,3.9,4.4,4.4,1.6,1.2,1.7,1.3,1.7,1.1,1.5,1.2,1.4,90.7,81.4,101.0,83.7,97.2,86.6,98.6,97.9,100.0,82.6,97.0,91.6,3.9,4.8,1.0,6.1,-0.6,4.8,6.8,0.0,1.6,4.3,9.9,4.4,-0.1,1.8,3.0,1.1,1.7,2.5,3.0,0.0,-0.2,0.1,3.7,1.4
Sep-2008,92.7,92.9,92.4,92.5,92.9,92.5,92.5,93,92.7,5,4.9,5.6,5.1,4.9,4.4,4.5,5.2,5,1.1,1.2,1.4,1.3,1,1.1,1.8,1.5,1.2,92.0,82.6,100.3,85.8,96.4,86.4,99.6,98.1,101.3,82.2,98.7,92.7,3.4,5.8,0.0,6.7,0.9,5.2,8.6,0.2,1.6,4.7,9.5,5.0,1.4,1.5,-0.7,2.5,-0.8,-0.2,1.0,0.2,1.3,-0.5,1.8,1.2
Dec-2008,92.4,92.3,92.2,92.2,92.6,92.3,92.1,92.6,92.4,3.7,3.1,4.3,3.7,3.7,3.2,3.7,3.8,3.7,-0.3,-0.6,-0.2,-0.3,-0.3,-0.2,-0.4,-0.4,-0.3,93.9,83.7,100.7,86.5,96.7,85.3,92.7,98.5,101.9,82.2,98.4,92.4,5.6,5.8,0.2,6.4,0.4,4.9,-1.3,0.6,1.3,4.7,7.0,3.7,2.1,1.3,0.4,0.8,0.3,-1.3,-6.9,0.4,0.6,0.0,-0.3,-0.3
Mar-2009,92.5,92.6,92.4,92.2,92.5,92.5,92.2,92.9,92.5,2.4,2.1,3.1,2.3,2.2,2.2,2.9,2.7,2.4,0.1,0.3,0.2,0,-0.1,0.2,0.1,0.3,0.1,96.0,84.5,100.2,87.3,97.5,89.0,91.3,98.9,100.7,86.7,92.2,92.5,5.7,5.6,2.1,5.4,2.0,5.3,-4.6,1.0,0.5,5.1,-1.4,2.4,2.2,1.0,-0.5,0.9,0.8,4.3,-1.5,0.4,-1.2,5.5,-6.3,0.1
Jun-2009,92.9,92.9,92.9,92.7,93.3,93,93.2,93.5,92.9,1.3,1.2,2,1.5,1.4,1.6,2.5,2.1,1.4,0.4,0.3,0.5,0.5,0.9,0.5,1.1,0.6,0.4,95.1,85.3,102.3,88.0,99.6,91.0,92.8,99.1,100.7,86.7,90.7,92.9,4.9,4.8,1.3,5.1,2.5,5.1,-5.9,1.2,0.7,5.0,-6.5,1.4,-0.9,0.9,2.1,0.8,2.2,2.2,1.6,0.2,0.0,0.0,-1.6,0.4
Sep-2009,93.9,93.4,94.2,93.7,94,94.1,95,94.3,93.8,1.3,0.5,1.9,1.3,1.2,1.7,2.7,1.4,1.2,1.1,0.5,1.4,1.1,0.8,1.2,1.9,0.9,1,94.3,85.9,102.6,90.6,100.2,90.1,94.6,99.1,101.4,86.8,91.5,93.8,2.5,4.0,2.3,5.6,3.9,4.3,-5.0,1.0,0.1,5.6,-7.3,1.2,-0.8,0.7,0.3,3.0,0.6,-1.0,1.9,0.0,0.7,0.1,0.9,1.0
Dec-2009,94.4,94,94.5,94.1,94.5,94.7,94.9,94.7,94.3,2.2,1.8,2.5,2.1,2.1,2.6,3,2.3,2.1,0.5,0.6,0.3,0.4,0.5,0.6,-0.1,0.4,0.5,95.7,86.4,102.8,91.3,100.2,89.3,93.8,99.1,102.9,86.8,92.2,94.3,1.9,3.2,2.1,5.5,3.6,4.7,1.2,0.6,1.0,5.6,-6.3,2.1,1.5,0.6,0.2,0.8,0.0,-0.9,-0.8,0.0,1.5,0.0,0.8,0.5
Mar-2010,95.2,95.2,95.2,94.6,95.6,95.4,95.4,95.3,95.2,2.9,2.8,3,2.6,3.4,3.1,3.5,2.6,2.9,0.8,1.3,0.7,0.5,1.2,0.7,0.5,0.6,1,96.7,87.5,98.4,92.6,98.9,93.5,95.0,99.0,101.9,91.6,94.1,95.2,0.7,3.6,-1.8,6.1,1.4,5.1,4.1,0.1,1.2,5.7,2.1,2.9,1.0,1.3,-4.3,1.4,-1.3,4.7,1.3,-0.1,-1.0,5.5,2.1,1.0
Jun-2010,95.6,95.8,95.9,95.3,96.5,95.8,96.2,95.6,95.8,2.9,3.1,3.2,2.8,3.4,3,3.2,2.2,3.1,0.4,0.6,0.7,0.7,0.9,0.4,0.8,0.3,0.6,96.4,92.7,98.4,93.2,99.8,95.6,95.7,98.9,100.1,91.7,94.2,95.8,1.4,8.7,-3.8,5.9,0.2,5.1,3.1,-0.2,-0.6,5.8,3.9,3.1,-0.3,5.9,0.0,0.6,0.9,2.2,0.7,-0.1,-1.8,0.1,0.1,0.6
Sep-2010,96.3,96.3,96.9,96.2,96.9,96.8,97.2,96.3,96.5,2.6,3.1,2.9,2.7,3.1,2.9,2.3,2.1,2.9,0.7,0.5,1,0.9,0.4,1,1,0.7,0.7,95.9,95.5,99.7,95.2,100.6,94.9,95.1,98.7,100.8,91.8,94.7,96.5,1.7,11.2,-2.8,5.1,0.4,5.3,0.5,-0.4,-0.6,5.8,3.5,2.9,-0.5,3.0,1.3,2.1,0.8,-0.7,-0.6,-0.2,0.7,0.1,0.5,0.7
Dec-2010,96.7,96.9,97.4,96.5,97,96.9,97.1,96.7,96.9,2.4,3.1,3.1,2.6,2.6,2.3,2.3,2.1,2.8,0.4,0.6,0.5,0.3,0.1,0.1,-0.1,0.4,0.4,98.0,96.2,97.9,95.8,100.0,93.7,95.4,98.7,101.0,91.8,94.3,96.9,2.4,11.3,-4.8,4.9,-0.2,4.9,1.7,-0.4,-1.8,5.8,2.3,2.8,2.2,0.7,-1.8,0.6,-0.6,-1.3,0.3,0.0,0.2,0.0,-0.4,0.4
Mar-2011,98.2,98.5,98.6,98.1,98.1,98.2,98.2,98.1,98.3,3.2,3.5,3.6,3.7,2.6,2.9,2.9,2.9,3.3,1.6,1.7,1.2,1.7,1.1,1.3,1.1,1.4,1.4,100.9,97.3,97.2,97.1,98.4,97.4,97.9,98.8,100.4,97.0,96.7,98.3,4.3,11.2,-1.2,4.9,-0.5,4.2,3.1,-0.2,-1.5,5.9,2.8,3.3,3.0,1.1,-0.7,1.4,-1.6,3.9,2.6,0.1,-0.6,5.7,2.5,1.4
Jun-2011,99.2,99.2,99.6,99,99.4,99.1,99.2,99.2,99.2,3.8,3.5,3.9,3.9,3,3.4,3.1,3.8,3.5,1,0.7,1,0.9,1.3,0.9,1,1.1,0.9,102.3,97.9,99.5,97.5,99.8,99.4,99.1,99.3,99.8,97.1,98.2,99.2,6.1,5.6,1.1,4.6,0.0,4.0,3.6,0.4,-0.3,5.9,4.2,3.5,1.4,0.6,2.4,0.4,1.4,2.1,1.2,0.5,-0.6,0.1,1.6,0.9
Sep-2011,99.9,99.8,99.9,100,99.6,99.9,99.9,99.8,99.8,3.7,3.6,3.1,4,2.8,3.2,2.8,3.6,3.4,0.7,0.6,0.3,1,0.2,0.8,0.7,0.6,0.6,102.0,98.4,101.0,99.2,100.1,98.4,99.2,99.2,100.7,97.1,98.9,99.8,6.4,3.0,1.3,4.2,-0.5,3.7,4.3,0.5,-0.1,5.8,4.4,3.4,-0.3,0.5,1.5,1.7,0.3,-1.0,0.1,-0.1,0.9,0.0,0.7,0.6
Dec-2011,99.8,99.9,99.7,100,99.8,100,99.5,100.1,99.8,3.2,3.1,2.4,3.6,2.9,3.2,2.5,3.5,3,-0.1,0.1,-0.2,0,0.2,0.1,-0.4,0.3,0,100.5,99.3,100.4,99.7,100.2,97.1,99.2,100.3,101.5,97.1,99.6,99.8,2.6,3.2,2.6,4.1,0.2,3.6,4.0,1.6,0.5,5.8,5.6,3.0,-1.5,0.9,-0.6,0.5,0.1,-1.3,0.0,1.1,0.8,0.0,0.7,0.0
Mar-2012,99.9,99.9,99.9,99.9,100,100.3,99.9,99.7,99.9,1.7,1.4,1.3,1.8,1.9,2.1,1.7,1.6,1.6,0.1,0,0.2,-0.1,0.2,0.3,0.4,-0.4,0.1,98.4,100.7,98.6,100.3,99.1,101.5,100.3,100.4,99.5,102.9,100.5,99.9,-2.5,3.5,1.4,3.3,0.7,4.2,2.5,1.6,-0.9,6.1,3.9,1.6,-2.1,1.4,-1.8,0.6,-1.1,4.5,1.1,0.1,-2.0,6.0,0.9,0.1
Jun-2012,100.5,100.4,100.5,100.2,100.5,99.9,100.7,100.3,100.4,1.3,1.2,0.9,1.2,1.1,0.8,1.5,1.1,1.2,0.6,0.5,0.6,0.3,0.5,-0.4,0.8,0.6,0.5,99.0,101.7,100.0,100.7,100.6,103.0,101.3,100.1,98.3,102.9,101.0,100.4,-3.2,3.9,0.5,3.3,0.8,3.6,2.2,0.8,-1.5,6.0,2.9,1.2,0.6,1.0,1.4,0.4,1.5,1.5,1.0,-0.3,-1.2,0.0,0.5,0.5
Sep-2012,102.2,101.6,101.6,101.7,101.6,100.6,102,101.4,101.8,2.3,1.8,1.7,1.7,2,0.7,2.1,1.6,2,1.7,1.2,1.1,1.5,1.1,0.7,1.3,1.1,1.4,100.9,102.6,100.2,103.9,101.6,105.5,100.5,100.6,99.2,103.0,101.2,101.8,-1.1,4.3,-0.8,4.7,1.5,7.2,1.3,1.4,-1.5,6.1,2.3,2.0,1.9,0.9,0.2,3.2,1.0,2.4,-0.8,0.5,0.9,0.1,0.2,1.4
Dec-2012,102.3,102,101.9,102.1,101.9,101,102,101.8,102,2.5,2.1,2.2,2.1,2.1,1,2.5,1.7,2.2,0.1,0.4,0.3,0.4,0.3,0.4,0,0.4,0.2,100.8,102.8,101.0,104.1,101.0,104.6,101.2,101.9,99.8,103.0,102.7,102.0,0.3,3.5,0.6,4.4,0.8,7.7,2.0,1.6,-1.7,6.1,3.1,2.2,-0.1,0.2,0.8,0.2,-0.6,-0.9,0.7,1.3,0.6,0.0,1.5,0.2
Mar-2013,102.7,102.4,102,102.1,102.4,101.3,103.7,101.9,102.4,2.8,2.5,2.1,2.2,2.4,1,3.8,2.2,2.5,0.4,0.4,0.1,0,0.5,0.3,1.7,0.1,0.4,100.0,104.4,97.1,105.4,99.7,107.7,101.7,101.9,99.0,108.9,103.4,102.4,1.6,3.7,-1.5,5.1,0.6,6.1,1.4,1.5,-0.5,5.8,2.9,2.5,-0.8,1.6,-3.9,1.2,-1.3,3.0,0.5,0.0,-0.8,5.7,0.7,0.4
Jun-2013,103.1,102.6,102.5,102.3,103,101.7,104.6,102.5,102.8,2.6,2.2,2,2.1,2.5,1.8,3.9,2.2,2.4,0.4,0.2,0.5,0.2,0.6,0.4,0.9,0.6,0.4,100.1,105.8,99.7,106.0,100.7,109.8,100.8,102.3,98.2,108.8,103.7,102.8,1.1,4.0,-0.3,5.3,0.1,6.6,-0.5,2.2,-0.1,5.7,2.7,2.4,0.1,1.3,2.7,0.6,1.0,1.9,-0.9,0.4,-0.8,-0.1,0.3,0.4
Sep-2013,104.3,104,103.8,103.7,104.2,102.6,105.5,103.1,104,2.1,2.4,2.2,2,2.6,2,3.4,1.7,2.2,1.2,1.4,1.3,1.4,1.2,0.9,0.9,0.6,1.2,100.3,106.7,100.8,108.1,101.7,109.8,103.2,102.4,100.1,108.8,104.1,104.0,-0.6,4.0,0.6,4.0,0.1,4.1,2.7,1.8,0.9,5.6,2.9,2.2,0.2,0.9,1.1,2.0,1.0,0.0,2.4,0.1,1.9,0.0,0.4,1.2
Dec-2013,105,104.8,104.6,104.4,104.9,103.6,106.5,104.1,104.8,2.6,2.7,2.6,2.3,2.9,2.6,4.4,2.3,2.7,0.7,0.8,0.8,0.7,0.7,1,0.9,1,0.8,101.9,108.4,99.7,108.6,102.1,109.2,103.1,103.6,102.2,108.8,104.3,104.8,1.1,5.4,-1.3,4.3,1.1,4.4,1.9,1.7,2.4,5.6,1.6,2.7,1.6,1.6,-1.1,0.5,0.4,-0.5,-0.1,1.2,2.1,0.0,0.2,0.8
Mar-2014,105.6,105.3,105.2,105.1,105.6,104.1,107.4,104.6,105.4,2.8,2.8,3.1,2.9,3.1,2.8,3.6,2.6,2.9,0.6,0.5,0.6,0.7,0.7,0.5,0.8,0.5,0.6,102.2,111.5,97.6,109.2,100.6,112.0,104.2,103.8,101.7,114.4,104.7,105.4,2.2,6.8,0.5,3.6,0.9,4.0,2.5,1.9,2.7,5.1,1.3,2.9,0.3,2.9,-2.1,0.6,-1.5,2.6,1.1,0.2,-0.5,5.1,0.4,0.6
Jun-2014,106,105.9,105.8,105.5,106.4,104.5,108.1,104.8,105.9,2.8,3.2,3.2,3.1,3.3,2.8,3.3,2.2,3,0.4,0.6,0.6,0.4,0.8,0.4,0.7,0.2,0.5,102.6,113.3,99.1,110.1,101.7,115.2,103.5,102.0,101.4,114.4,104.7,105.9,2.5,7.1,-0.6,3.9,1.0,4.9,2.7,-0.3,3.3,5.1,1.0,3.0,0.4,1.6,1.5,0.8,1.1,2.9,-0.7,-1.7,-0.3,0.0,0.0,0.5
Sep-2014,106.6,106.1,106.5,105.9,106.9,104.6,108.3,105.2,106.4,2.2,2,2.6,2.1,2.6,1.9,2.7,2,2.3,0.6,0.2,0.7,0.4,0.5,0.1,0.2,0.4,0.5,103.8,114.5,98.1,110.6,102.1,115.0,103.4,100.6,102.0,114.5,105.3,106.4,3.5,7.3,-2.7,2.3,0.4,4.7,0.2,-1.8,1.9,5.2,1.2,2.3,1.2,1.1,-1.0,0.5,0.4,-0.2,-0.1,-1.4,0.6,0.1,0.6,0.5
