word,count
NO.,14083
ACT,11867
AMENDMENT,4288
AND,2261
TAX,1681
LEGISLATION,1044
OF,989
TARIFF,659
APPROPRIATION,656
CUSTOMS,646
SALES,522
NO,487
AUSTRALIAN,482
GRANTS,459
INCOME,444
LEVY,443
STATES,435
ASSESSMENT,389
ASSISTANCE,386
SERVICES,383
NATIONAL,380
MEASURES,349
COMMONWEALTH,329
LAWS,328
INDUSTRY,324
EXPORT,308
HEALTH,303
EXCISE,276
SOCIAL,271
SUPPLY,266
SERVICE,263
BOUNTY,258
LOAN,257
EDUCATION,249
OTHER,233
SUPERANNUATION,233
NEW,226
CONSEQUENTIAL,222
AMENDMENTS,219
CHARGE,216
WORKS,208
SECURITY,205
THE,195
DEFENCE,194
INSURANCE,193
WOOL,187
TAXATION,185
PROVISIONS,184
AGREEMENT,179
TERRITORY,179
WAR,174
COMMISSION,173
INTERNATIONAL,173
DEVELOPMENT,166
VALIDATION,160
FINANCIAL,159
CHARGES,151
PUBLIC,144
PROTECTION,143
PENSIONS,141
RESEARCH,139
COLLECTION,134
PARLIAMENTARY,131
WHEAT,127
BROADCASTING,124
TRADE,124
PETROLEUM,123
MIGRATION,122
ADMINISTRATION,122
LAW,122
AUSTRALIA,118
GRANT,118
SUPPLEMENTARY,117
FEES,112
TRANSITIONAL,110
FOR,108
PREFERENCE,106
CAPITAL,105
BUILDINGS,105
TELECOMMUNICATIONS,104
REPEAL,103
BENEFITS,103
VETERANS,102
NORTHERN,102
FAMILY,100
AGREEMENTS,98
LAND,97
REPATRIATION,97
FUND,96
AFFAIRS,96
CORPORATION,94
SYSTEM,94
TO,94
A,91
ENERGY,90
TRANSPORT,90
DUTY,89
HOUSING,88
BUDGET,88
OVERSEAS,84
ELECTORAL,84
FRUITS,83
CRIMES,82
LICENCE,81
SPECIAL,81
DAIRY,81
PRIMARY,80
CONTRIBUTION,80
COMPENSATION,80
ALLOWANCES,80
ARBITRATION,80
INDUSTRIES,79
ABORIGINAL,79
AIR,76
MEAT,76
NAVIGATION,75
SUPPORT,74
AUTHORITY,74
LANDS,72
ADJUSTMENT,71
EXEMPTIONS,71
RATES,70
CORPORATIONS,69
CONTROL,69
TELEVISION,69
HIGHER,68
MISCELLANEOUS,68
REFORM,67
HOMES,66
GOVERNMENT,66
ZEALAND,66
CLASSIFICATIONS,65
LIVE-STOCK,64
REGISTRATION,63
CONCILIATION,63
GUINEA,60
WINE,60
COMMUNITY,60
PRODUCE,60
BANK,60
GUARANTEE,60
RETIREMENT,59
MARKETING,58
FISHERIES,58
STEVEDORING,58
IMPOSITION,57
OLD-AGE,57
COMPANIES,57
DEPARTMENTS,56
COAL,56
FUEL,56
APPLE,56
PEAR,55
CARE,55
COURT,55
RIGHTS,55
BUSINESS,55
STATE,55
DRIED,55
SCHOOLS,54
STABILIZATION,54
PAPUA,54
GOODS,53
EMPLOYEES,53
AVIATION,53
EMPLOYMENT,53
MEDICARE,52
LOANS,52
CRIMINAL,52
SLAUGHTER,52
SECURITIES,52
RELATIONS,52
INVALID,52
SEA,51
TRAINING,51
ACTS,51
SAFETY,50
FUNDING,50
STUDENTS,50
PRACTICES,49
SURVEY,48
PAYMENTS,47
UNIVERSITIES,47
APPLICATION,47
FORCES,47
RELIEF,45
SEAMENS,45
POST,45
TELEGRAPH,45
PRODUCTS,45
RESIDUE,44
REFERENDUM,44
FEDERAL,44
ROADS,44
FOREIGN,44
SUBMERGED,44
INSPECTION,43
FUNDS,43
SOUTH,43
INDUSTRIAL,43
RAILWAY,43
EQUIPMENT,43
ENVIRONMENT,42
CHILD,42
CODE,42
GAS,42
SUGAR,41
LEVIES,41
ROAD,41
AGRICULTURAL,40
OFFSHORE,40
REMUNERATION,40
AGED,40
PRIVATE,40
SUBSIDY,40
TRUST,39
OIL,39
BANKRUPTCY,39
STANDARDS,39
FURTHER,39
GENERAL,39
THERAPEUTIC,39
COUNCIL,39
SCHEME,39
TEMPORARY,38
SUPERVISORY,38
AIRLINES,38
SHIPPING,37
CATTLE,37
STRAIT,37
INDIGENOUS,37
STATUTE,37
JUDICIARY,36
ENTITLEMENTS,36
FORCE,36
PAY-ROLL,36
WAR-TIME,35
LIMITED,35
GREENHOUSE,34
HUNDRED,34
PATENTS,34
TERRITORIES,34
ANTI-DUMPING,34
MINISTERS,34
COMMITTEE,34
CANNED,34
ARRANGEMENTS,33
ADVANCED,33
TOBACCO,33
CONTRIBUTIONS,33
MARKET,33
WATER,33
MANAGEMENT,33
LIABILITY,33
SCIENCE,33
ISLAND,33
COMMUNICATIONS,32
EXCHANGE,32
ESTATE,32
RADIOCOMMUNICATIONS,32
WORKPLACE,32
REPRESENTATION,31
HONEY,31
CIVIL,31
COMPANY,31
HOME,31
CANADIAN,31
REVIEW,30
IMMIGRATION,30
MARITIME,30
CHEMICALS,30
IN,30
TASMANIA,30
QUEENSLAND,30
OFFICERS,29
PERSONAL,29
ORGANIZATION,29
NAVAL,29
EVIDENCE,29
INTERCEPTION,29
TERTIARY,29
PROMOTION,28
ACQUISITION,28
TORRES,28
PAYMENT,28
JUSTICE,28
UNITED,28
STUDENT,28
QANTAS,28
DEBT,28
QUARANTINE,28
WESTERN,27
COPYRIGHT,27
SEAT,27
CITIZENSHIP,27
MARINE,27
REGULATION,26
ADDITIONAL,26
LIFE,25
INTERPRETATION,25
VETERINARY,25
MEDICAL,25
AUDIT,25
ALTERATION,25
FORESTRY,25
INDEMNITY,25
PERSONS,25
CRIME,25
COTTON,25
DAIRYING,25
MARKS,25
SETTLEMENT,25
CLEAN,25
DIESEL,25
SUPREME,25
STATUTORY,24
AGENCY,24
STORAGE,24
TREATY,24
AIRWAYS,24
RIVER,24
TERMINATION,24
LEAVE,24
WORK,23
INFORMATION,23
BOARD,23
SOLDIERS,23
IMPLEMENTATION,23
TRANSFER,23
THOUSAND,23
STOCK,23
HUMAN,23
MINING,23
REDUCTION,23
HIGH,22
STATIONS,22
ISLANDER,22
AID,22
MATTERS,22
ACCOUNTS,21
CONSERVATION,21
CONTRIBUTORY,21
MONETARY,21
SECTOR,21
CONSTITUTION,21
FERTILIZERS,21
INVESTMENT,21
WITH,21
POLLUTION,21
ACCOUNT,21
DISCRIMINATION,21
UNIVERSITY,20
BANKING,20
ROYAL,20
FILM,20
ALLOWANCE,20
FINANCE,20
CONSUMER,20
FISHING,20
REVENUE,20
TECHNICAL,20
RAILWAYS,20
BANKS,20
BEEF,20
HERITAGE,20
INSTALLATIONS,19
VINE,19
RECONSTRUCTION,19
EMERGENCY,19
POLICE,19
FLOUR,19
OZONE,19
LONG,19
RURAL,19
PIG,19
PHARMACEUTICAL,19
EXTRADITION,19
NUCLEAR,19
SAVINGS,19
DROUGHT,19
LOCAL,19
INTELLIGENCE,18
REVISION,18
WATERS,18
NATIONALITY,18
VOCATIONAL,18
CONSOLIDATION,18
DESIGNS,18
POWERS,18
SALE,18
COMMISSIONER,18
SNOWY,18
RESOURCES,18
REHABILITATION,18
DEFICIT,18
INSCRIBED,17
YOUTH,17
INCENTIVES,17
SINKING,17
INTERIM,17
RENT,17
PROCESS,17
SHARING,17
TRUSTS,17
FAMILIES,17
ASIAN,17
GRAPES,17
JUDGES,17
RESOURCE,17
ON,17
ENFORCEMENT,17
ISLANDS,17
TECHNOLOGY,17
INSTITUTE,17
SALARIES,17
EXECUTION,17
WITHHOLDING,17
SHIPS,17
PROPERTY,16
FARM,16
PROCEEDINGS,16
CORPORATE,16
AUTHORITIES,16
IMMUNITIES,16
HORTICULTURAL,16
RELATED,16
FAIR,16
ABOLITION,16
OPPORTUNITY,16
HOUSEHOLD,16
PROHIBITION,16
SURCHARGE,16
INTEREST,16
INTERSTATE,16
REIMBURSEMENT,16
SECONDARY,16
ELECTRICITY,16
PROGRAM,16
MINERALS,16
EGG,16
RE-ESTABLISHMENT,16
REPAIR,16
JUDICIAL,15
ONE,15
OFF-SHORE,15
PENSION,15
ASSOCIATION,15
SEARCH,15
GIFT,15
MOUNTAINS,15
ADMINISTRATIVE,15
WALES,15
ENTERTAINMENTS,15
CENSUS,15
GOLD,15
JURISDICTION,15
NINE,15
STATISTICS,15
COMPLIANCE,14
ORGANISATION,14
TRADING,14
ACCESS,14
GAMES,14
OFFENCES,14
IMPORT,14
PARK,14
DISABILITY,14
DISTILLATION,14
POSTAL,14
DEATH,14
NOTIFICATION,14
NATIVE,14
PRIVILEGES,14
CHICKEN,14
MILITARY,14
WELFARE,14
SPORTS,14
DAY,14
TWO,14
AGRICULTURE,13
CARBON,13
AGENTS,13
RECOVERY,13
ACETATE,13
COMMISSIONS,13
WILDLIFE,13
PIPELINE,13
PRODUCT,13
PROVIDERS,13
FRUIT,13
INSTITUTIONS,13
GREAT,13
FLAKE,13
REEF,13
BARRIER,13
CELLULOSE,13
RESERVE,13
DISABILITYCARE,13
FROM,13
PORT,13
COASTAL,13
MURRAY,13
CONVERSION,13
YEAR,13
EQUAL,13
PEACE,13
PROCEDURE,13
OCCUPATIONAL,13
ANTARCTIC,13
RADIO,13
ACCEPTANCE,13
COMPUTER,13
COURTS,13
EXTENSION,13
PROCESSING,13
UNIT,13
GOVERNANCE,13
MOTOR,13
MEMBERS,13
TRACTOR,13
PURPOSES,13
TARGETED,13
POWER,12
FIRST,12
INDIVIDUALS,12
BOUNTIES,12
FRINGE,12
PRODUCTION,12
SUM,12
JUNE,12
DIGITAL,12
REGIONAL,12
CONSOLIDATED,12
DEPOSITS,12
REGULATORY,12
AIRPORTS,12
TRANSACTIONS,12
RETIRING,12
SPIRITS,12
COLLEGE,12
CURRENCY,12
OUT,12
THIRTIETH,12
APPLY,12
ALIENS,12
FEDERATION,12
CHRISTMAS,12
CAR,12
AN,12
ACCOUNTABILITY,12
POULTRY,12
SUPERVISION,12
RENEWABLE,12
ENDING,12
CONSTRUCTION,12
BEER,12
RAW,12
POUNDS,12
BY,12
CONVENTION,12
EQUITY,12
ARTS,11
AIRCRAFT,11
CHEMICAL,11
ATOMIC,11
MUTUAL,11
DEPARTURE,11
OWNERSHIP,11
VEHICLES,11
CANADA,11
QUALITY,11
PRESERVATION,11
FUTURES,11
INTEGRITY,11
WORLD,11
EMPIRE,11
EXCESS,11
NITROGENOUS,11
BUILDING,11
CANBERRA,11
EQUALIZATION,11
FUELS,11
FRAMEWORK,11
ROYALTY,11
ACID,11
TRANSACTION,11
ORGANISATIONS,11
STEEL,11
FARMERS,11
PRISONERS,11
PRECAUTIONS,11
FLOOD,11
TITLE,11
FREE,11
REBATE,11
INCREASES,11
EFFICIENCY,10
MILK,10
COMMERCIAL,10
PRIVACY,10
ELECTION,10
URBAN,10
FREIGHT,10
PERMIT,10
NORFOLK,10
WIRELESS,10
BORDER,10
GOLD-MINING,10
SULPHURIC,10
PRICES,10
APPEALS,10
DUTIES,10
SEX,10
FOOD,10
KINGDOM,10
PASSENGER,10
LUXURY,10
SYDNEY,10
DIPLOMATIC,10
DISEASE,10
PROFITS,10
VEHICLE,10
AUGUSTA,10
PHOSPHATE,10
AIRLINE,10
IMPORTS,10
BILLS,10
DISTRIBUTION,10
GRAIN,10
TRUSTEE,10
LABORATORIES,10
LIGHTHOUSES,10
TREASURY,10
ECONOMIC,10
ACIS,10
MARRIAGE,10
INDEPENDENT,10
TRIBUNALS,10
AUSTRALIANS,10
ENEMY,10
FURLOUGH,10
TRANSITION,10
TRACTORS,9
COMMERCE,9
HYDRO-ELECTRIC,9
ASSETS,9
MEASUREMENT,9
WORKING,9
PROFESSIONAL,9
CIVILIAN,9
BORROWING,9
TRANSMITTER,9
BASS,9
STRATEGIC,9
INCREASE,9
BUREAU,9
MATERNITY,9
PUBLICATIONS,9
WIRE,9
CREDIT,9
USE,9
REMOVAL,9
CHILDREN,9
TRIBUNAL,9
CLASSIFICATION,9
STATION,9
COLLEGES,9
TOURISM,9
SYNTHETIC,9
GOVERNOR-GENERAL,9
DEBITS,9
LIQUEFIED,9
ORDERS,9
FILMS,9
EXPORTS,9
PREVENTION,9
MANAGED,9
PROCESSED,9
EXEMPTION,9
SENATE,9
STEWARDSHIP,9
FREEDOM,9
RULES,9
TAXES,8
COMPLAINTS,8
CONTROLS,8
IMPROVEMENT,8
PAY,8
IRON,8
CARRIER,8
RECOGNITION,8
LIVING,8
RECOUPMENT,8
VICTORIA,8
CLAIMS,8
FLAX,8
BONUS,8
PATHOLOGY,8
NON-DISCLOSURE,8
TELEGRAPHY,8
MOVEMENT,8
URANIUM,8
WASTE,8
PARTICIPATION,8
ADVANCEMENT,8
PRODUCERS,8
SPORT,8
NON-RESIDENT,8
REGULATIONS,8
REPORTING,8
TEXTILE,8
ENCOURAGEMENT,8
PASSPORTS,8
YARN,8
BENEFICIARY,8
NATIONS,8
FOOTWEAR,8
CLOTHING,8
TEST,8
IMPROVED,8
PARLIAMENT,8
COMMUNICATION,8
REFUND,8
OBSERVATORY,8
RHODESIA,8
ASSISTANCE-PARTICIPATION,8
NATURAL,8
CENTRE,8
GROWERS,8
RESPONSE,8
REPORTS,8
ENGINEERING,7
MITIGATION,7
DUES,7
UNIVERSAL,7
COMPETITION,7
LEGISLATIVE,7
LEGAL,7
REPEALS,7
PENALTY,7
CAUSES,7
MEMORIAL,7
TRADEX,7
QUOTA,7
ADVANCES,7
ORGANIZATIONS,7
INTO,7
ACTIVITIES,7
OMBUDSMAN,7
RECORDS,7
PRUDENTIAL,7
NYASALAND,7
DATACASTING,7
CARRIERS,7
AAHC,7
COCOS,7
BIODIVERSITY,7
NETTING,7
PYRITES,7
KEELING,7
COPPER,7
HOUSE,7
UNEMPLOYMENT,7
PROCEEDS,7
DRUG,7
NURSING,7
INCORPORATION,7
SUBSCRIPTION,7
SAVER,7
RETAIL,7
STAMP,7
PLANT,7
ENDOWMENT,7
PERFORMANCE,7
RECEIPTS,7
MENTAL,7
CHOICE,7
REGULATOR,7
INVESTIGATION,7
SELF-GOVERNMENT,7
FOUR,7
SUSPENSION,7
TERRORISM,7
COLONIAL,7
BRANDY,7
SUBSTANCES,7
PARKS,7
LIGHT,7
GRAPE,7
ACCIDENTS,7
MATRIMONIAL,7
OFFICES,7
DAM,7
AGE,6
TIMBER,6
ANIMAL,6
FIDELITY,6
TESTING,6
TEACHING,6
TAKEOVERS,6
FRANCHISE,6
VISA,6
SKILLS,6
DECISIONS,6
SHARES,6
REVENUES,6
CERTAIN,6
VOTING,6
REALIZATION,6
CONTRACTS,6
COMMITMENTS,6
UNION,6
DECLARATION,6
DETERMINATION,6
CHEQUES,6
EXCHANGES,6
AMMONIA,6
EAST,6
SERIOUS,6
EQUALISATION,6
FIBRE,6
CREDITS,6
EXPLOSIVES,6
REGISTER,6
ALTERNATIVE,6
INSTRUMENTS,6
COUNTRIES,6
COSTS,6
TRANS-TASMAN,6
GAMBLING,6
WHALING,6
CARERS,6
CONCENTRATE,6
ELECTIONS,6
IMPROVEMENTS,6
DAMAGE,6
PROPOSALS,6
SMALL,6
LIQUID,6
HOSPITAL,6
DECIMAL,6
LEGUMES,6
INFRASTRUCTURE,6
NUMBER,6
FINANCING,6
CHANGES,6
TOURIST,6
AIRPORT,6
PURCHASE,6
ELECTRONIC,6
COVER,6
AUSTRALIAS,6
FUTURE,6
LABOUR,6
INDEXATION,6
DRUGS,6
PUBLICATION,6
RACIAL,6
NETWORK,6
RATE,6
FEE-HELP,6
SHALE,6
SULPHATE,6
REQUIREMENTS,6
DIVIDENDS,6
GST,6
PLANNING,6
ONE-OFF,6
DISCLOSURE,6
FOREST,6
RECEIVER,6
SELF,6
ASSOCIATIONS,5
TRAFFIC,5
PACIFIC,5
ASSURANCE,5
PEOPLE,5
PAPERS,5
LEARNING,5
INDIRECT,5
WIDOWS,5
PLACES,5
AREA,5
INTELLECTUAL,5
OILSEEDS,5
GRAINS,5
DELIVERED,5
HOSTELS,5
REGION,5
LABELLING,5
CONVENTIONS,5
BRITISH,5
MISUSE,5
OILS,5
BASIN,5
PROSPECTING,5
SCHEMES,5
WINDFALL,5
ACCOMMODATION,5
DEER,5
JERVIS,5
WORKFORCE,5
MAGISTRATES,5
MARKETABLE,5
COST,5
SEAFARERS,5
MEALS,5
MUSEUM,5
BAY,5
DENTAL,5
SOUTHERN,5
CARGO,5
CONTINENTAL,5
ALUMINIUM,5
AMOUNTS,5
DEBTS,5
SAFEGUARDS,5
LAYING,5
ZONE,5
AUTHORISED,5
CONSEQUENTIALS,5
TRANSFERRED,5
PARTNERSHIPS,5
TRADESMENS,5
POLICY,5
ADVERTISING,5
ARRANGEMENT,5
RESTRICTION,5
LABOURERS,5
NUMBERING,5
ASHMORE,5
STRONGER,5
VET,5
PAPER,5
DIRECTOR,5
TREATMENT,5
FORMER,5
THROUGH,5
SIMPLIFICATION,5
SHORTFALL,5
EGGS,5
JOBS,5
LICENCES,5
OFFICE,5
FAR,5
THREE,5
GAINS,5
NON-PROLIFERATION,5
STOCKTAKE,5
RAYON,5
DESCRIPTIONS,5
NET,5
BEVERAGES,5
PRAWN,5
IRRIGATION,5
SANCTIONS,5
TEACHERS,5
WOMEN,5
TIMOR,5
GRATUITY,5
ESTABLISHMENT,5
DECLARATIONS,5
SURPLUS,5
DUMPING,5
ANNUITY,5
FRANKING,5
MODERNISATION,5
DEFICIENCY,5
NAURU,5
SHELF,5
WEIGHTS,5
TAFE,5
KALGOORLIE,5
ALCOHOLIC,5
CONSULAR,5
RADIATION,5
FAIRER,5
CONCESSIONAL,5
DEMAND,4
GUARDIANSHIP,4
MANUFACTURE,4
MONEY,4
SYSTEMS,4
EXPENDITURE,4
SIMPLIFIED,4
BEARER,4
SOLDERS,4
REFORMS,4
FUNCTIONS,4
TERRORIST,4
MINES,4
COMPULSORY,4
HORSE,4
SHIP,4
PHARMACY,4
SULPHUR,4
BRIGALOW,4
LIVE,4
IMPOSITION--GENERAL,4
CULTURAL,4
BARLEY,4
PENSIONERS,4
TELSTRA,4
SKINS,4
IMPOSITION--EXCISE,4
PROVISIONAL,4
COUNCILS,4
GREATER,4
WODONGA,4
METAL,4
INSOLVENCY,4
MEMBERSHIP,4
CHARTER,4
FLAGS,4
GENE,4
NAMES,4
ANTI-TERRORISM,4
COMPONENT,4
TOGETHER--ACHIEVEMENT,4
ENVIRONMENTAL,4
PENALTIES,4
SCHOOL,4
NOTES,4
PROCEDURES,4
ACHIEVING,4
CASH,4
SOFTWOOD,4
HOMELESS,4
ENHANCEMENT,4
CONDENSATE,4
RADIOACTIVE,4
PROTECTED,4
PRICING,4
DISABLED,4
PRODUCTIVITY,4
AUTOMOTIVE,4
SEXUAL,4
TRANSMISSION,4
FLEXIBILITY,4
MINISTER,4
PRICE,4
WORKERS,4
BONDS,4
ACTION,4
PRIME,4
JURY,4
FIREARMS,4
RABBIT,4
MOUNT,4
REPRESENTATIVES,4
DATA,4
CABLE,4
INCENTIVE,4
BUTTER,4
UNDERWRITING,4
LIABILITIES,4
ANTI-DOPING,4
LOW,4
JOINT,4
CARTIER,4
PROVISION,4
CABINET,4
NEEDS,4
HEN,4
DEDUCTION,4
IMPROVING,4
DIAGNOSTIC,4
IMAGES,4
ALBURY,4
UNCLAIMED,4
MACHINES,4
GUARANTEES,4
GALLERY,4
BOOK,4
BOND,4
DOMESTIC,4
MACHINERY,4
CANDIDATES,4
NARCOTIC,4
DETENTION,4
HANDICAPPED,4
COARSE,4
INTER-STATE,4
LOSS,4
CREEK,4
INSPECTOR-GENERAL,4
UNPAID,4
PROGRAMS,4
BRISBANE,4
SMUGGLING,4
PROSECUTIONS,4
IMAGING,4
ESTATES,4
SERUM,4
SUNRISE,4
LICENSED,4
TASMANIAN,4
INQUIRY,4
WEEKLY,4
CHARITIES,4
DEBENTURES,4
PARENTAL,4
SUPPORTED,4
MODIFICATION,4
INDICIA,4
VENTURE,4
PARENTING,4
CLOSE,4
RESIDENCES,4
IMPOSITION--CUSTOMS,4
HYDRO,4
ORGANISED,4
SPACE,4
WEAPONS,4
PLAN,4
MODIFICATIONS,3
AUTOMATIC,3
ANNUAL,3
FRANCS,3
FEES-IMPORTS,3
NOT,3
FORENSIC,3
AVERAGE,3
DATA-MATCHING,3
OWNERS,3
OBLIGATIONS,3
CALL,3
ISSUE,3
HOSPITALS,3
UNLAWFUL,3
ALLIGATOR,3
STYLE,3
PRIMAGE,3
TELESCOPE,3
SHARE,3
VISAS,3
RE-EXPORTS,3
MOBILE,3
BORROWINGS,3
CORPORATISATION,3
DANGEROUS,3
MCDONALD,3
BRIDGE,3
PARTICIPANTS,3
DISTRIBUTIONS,3
CANCELLATION,3
DELIVERY,3
CANE,3
TUBERCULOSIS,3
CO-CONTRIBUTION,3
PERSONNEL,3
DEFERRAL,3
GENEVA,3
NON-CONCESSIONAL,3
CERTIFICATE,3
EDIBLE,3
APPOINTMENT,3
SHAREHOLDINGS,3
BICENTENNIAL,3
NATION,3
JUSTICES,3
LOADING,3
BUILDERS,3
REQUEST,3
PAID,3
MAIN,3
ARRIVALS,3
RENEWAL,3
COUNTER-TERRORISM,3
HARBOUR,3
REWRITE,3
OLYMPIC,3
JUSTIFICATION,3
ESS,3
FERTILIZER,3
BOATS,3
ADVICE,3
HIDE,3
CONFIDENTIALITY,3
CAPE,3
PANEL,3
ORANGE,3
AMERICA,3
BUFFALO,3
AUSTRALIA-INDONESIA,3
UNDERTAKINGS,3
AGAINST,3
OLDER,3
CENTRES,3
INTERACTIVE,3
LAKE,3
ALCOHOL,3
EIGHT,3
UNTAINTING,3
PIPELINES,3
UREA,3
CONCESSION,3
SUBMARINE,3
HORTICULTURE,3
SOLAR,3
SHELTERED,3
DO,3
ARCHIVES,3
CARRIAGE,3
FEES-MANUFACTURE,3
INSIGNIA,3
PRACTITIONERS,3
POLYESTER,3
RHODESIAN,3
MULTICULTURAL,3
TFN,3
CARDS,3
CO-OPERATIVE,3
CANNING-FRUIT,3
ANTI-MONEY,3
ALICE,3
COMMONWEALTH-STATE,3
ROLL-OVER,3
TESTS,3
STRENGTHENING,3
DRILLING,3
AUSCHECK,3
ORIGIN,3
HARMONIZED,3
STAFFING,3
POLITICAL,3
BENEFIT,3
SUPPLIES,3
DWELLINGS,3
CPI,3
CHILDRENS,3
MIDWIFE,3
MEDIA,3
VESSEL,3
IDENTITY,3
IMPOSITION-EXCISE,3
EXPLORATION,3
ANGLO-AUSTRALIAN,3
CONTROLLED,3
EXTENDED,3
STREAMLINING,3
PEARL,3
UNTAXED,3
QUOTAS,3
STANDARDIZATION,3
BOOKS,3
PRE-SCHOOL,3
TRAFFICKING,3
SPRINGS,3
CIRCUIT,3
PER-TONNE,3
CYCLONE,3
NOISE,3
DARWIN,3
IMPACT,3
NORTH,3
FEES:,3
FRUIT-GROWING,3
TRANSFERS,3
SPECTRUM,3
APPRENTICES,3
INVESTMENTS,3
ANL,3
METEOROLOGY,3
INITIATIVE,3
STRATEGY,3
ENTERTAINMENT,3
IDENTIFIERS,3
SWISS,3
FAT,3
CONDUCT,3
PLANS,3
AFFIRMATIVE,3
CONSENT,3
ISLANDERS,3
SCREEN,3
ORDINANCES,3
HEARING,3
OR,3
STUDIES,3
IMPOSITION-CUSTOMS,3
RETENTION,3
POOLED,3
AT,3
DEPARTING,3
AUSLINK,3
ENHANCED,3
PROTECTIVE,3
PERIOD,3
SEAS,3
REDEPLOYMENT,3
TUITION,3
CLEANER,3
CODES,3
RECIPIENTS,3
IMPOSITION-GENERAL,3
HEARD,3
LAUNDERING,3
DEVICES,3
HOLDING,3
LEATHER,3
CORPS,3
TOOLS,3
SATELLITE,3
WAITING,3
IMPORTATION,3
AUDITOR-GENERAL,3
PULP,3
PSYCHOTROPIC,3
ADVISORY,3
MACHINE,3
TITLES,3
DEPOSIT,3
RIGHT,3
TRANSITIONALS,3
EXPERT,3
MYSUPER,3
ACTIVITY,3
DIRECT,3
LIBRARY,3
ERADICATION,3
LYELL,3
EQUIVALENT,3
RIVERS,3
NON-OPERATING,3
STANDARD,3
MORE,3
AGENCIES,3
ACCREDITATION,3
ADELAIDE,3
COINAGE,3
POOLS,3
KING,3
SEA-CARRIAGE,3
RUN-OFF,3
DIPLOMA,3
ANALYSIS,3
WINE-DEFICIT,3
IBNR,3
CHANGE,3
MISSIONS,3
RESOLUTION,3
INCREASED,3
QUALIFICATIONS,2
EMPLOYER,2
STRIP,2
VOLUNTEERS,2
CORRECTION,2
CYBERCRIME,2
VISITING,2
HEALTHCARE,2
BED,2
SUPPRESSION,2
CANNERIES,2
NON,2
SUBSIDIES,2
PERMITS,2
RESIN,2
GRATON,2
ITALY,2
PLAIN,2
EXPENSES,2
UNITS,2
ORD,2
ELECTRIC,2
ASEAN-AUSTRALIA-NEW,2
RENTAL,2
NATURE,2
BEACHES,2
CLONING,2
SITES,2
RESERVES,2
LIFETIME,2
CONDAH,2
NATURALIZATION,2
PUBLICITY,2
FISHERY,2
SPONSORSHIP,2
GO,2
JOB,2
TRANSFORMATION,2
HUNGARY,2
ADDRESS,2
COLLAPSED,2
RECONCILIATION,2
SOCIETY,2
TEMPLE,2
METROPOLITAN,2
KATHERINE,2
JAPAN,2
MURRAY-DARLING,2
PAYROLL,2
Á,2
MATERIALS,2
FITNESS,2
NEWSPRINTING,2
YOU,2
B,2
ROYALTIES,2
SPAM,2
AUSTRALIA-CHILE,2
EARNERS,2
SLAVERY,2
TRITICALE,2
LIQUIDATORS,2
LARGE,2
LICENSING,2
LIMITATION,2
NAME,2
FIJI,2
ASBESTOS-RELATED,2
REALISATION,2
BRASS,2
LAMB,2
SUPPORTING,2
SOUTH-WEST,2
ENHANCING,2
OHS,2
MEASURE,2
TASMAN,2
HISTORIC,2
RESIDENTS,2
INTERVENTION,2
ALBURY-WODONGA,2
PROJECTS,2
SURCHARGE-FRINGE,2
WOOD,2
LINSEED,2
BIDDING,2
SUNSETTING,2
TEN,2
ESPIONAGE,2
POST-,2
FRESH,2
DETERRENCE,2
CURRICULUM,2
EXOTIC,2
MOUTH,2
ULTIMATE,2
EUROPEAN,2
STORED,2
SCREENING,2
CROWN,2
AUSSAT,2
DECEASED,2
EARLY,2
RESERVOIR,2
DOMICILE,2
QUORUM,2
ENTERPRISES,2
PEARL-SHELL,2
WESTRALIAN,2
COMPETITIVE,2
CAP,2
CONTENT,2
DATABASE,2
INSTALMENT,2
BUNDABERG,2
MATERIAL,2
TORTURE,2
TOGETHER,2
ANATOMY,2
COMMENCEMENT,2
JUDGMENTS,2
COUNSEL,2
BREEDERS,2
PACKAGING,2
LIBRARIES,2
OPPORTUNITIES,2
ENGLAND,2
INJURIES,2
COMMISSIONERS,2
PARTICIPATING,2
BONUSES,2
ASSESSMENTS,2
TREATIES,2
PORTRAIT,2
AGENT,2
EARNINGS,2
DAYLIGHT,2
CARD,2
TSUNAMI,2
TRUE-UP,2
APPROVED,2
FERTILISERS,2
A.C.T.,2
NRS,2
CURFEW,2
SHEETING,2
VOLUNTARY,2
LIMITS,2
COCKATOO,2
PASS,2
CABLES,2
TOWN,2
MALE,2
MONITORING,2
LEIGH,2
HELP,2
ROOM,2
CHARGES--EXCISE,2
ANNUITIES,2
FOOT,2
RESTRICTIVE,2
CITIES,2
INTERESTS,2
CHARGE--AUCTIONS,2
SURFACE,2
BIOLOGICAL,2
ASSOCIATED,2
FISH,2
CHARACTER,2
TEXTILES,2
EXCISION,2
DETAINEES,2
DEPRECIATION,2
HOLDERS,2
EXPORTERS,2
ARTISTS,2
CHARGE-EXCISE,2
CONCESSIONS,2
BROOK,2
LIVESTOCK,2
CELEBRANT,2
PROTECTING,2
PROPERTIES,2
SAFE,2
CRYSTAL,2
ALIENATED,2
CARER,2
FINE,2
SALARY,2
UNAUTHORIZED,2
ROUTES,2
NEWFOUNDLAND,2
DEPORTATION,2
GRADUATE,2
INDEPENDENCE,2
EMISSIONS,2
CABS,2
PURCHASES,2
JOURNALISTS,2
AFFORDABILITY,2
SEVEN,2
NINETY-SEVEN,2
CONTRACTORS,2
BRACHINA,2
CHARGE-GENERAL,2
SEED,2
MOVABLE,2
VALIDATING,2
PRIVY,2
SIMPLER,2
PERSONALLY,2
SUBSTANTIATION,2
MERIT,2
PASTURE,2
REPLACEMENT,2
SUPPLEMENT,2
RICE,2
TAKE-OVERS,2
CULTIVATORS,2
DILUTION,2
INDUS,2
GOATS,2
PRESIDING,2
RED,2
AIRSPACE,2
RESTORATION,2
VISUAL,2
BOYCOTTS,2
COMPLYING,2
CIRCUMSTANCES,2
SCRUTINY,2
ASIO,2
APPROPRIATIONS,2
RESPONSIBILITY,2
TIME,2
WEIRS,2
MEANS,2
PERIODS,2
PRIORITY,2
GORDON,2
TOTAL,2
SHIFTING,2
NON-GOVERNMENT,2
MANUFACTURES,2
ACTR,2
SAVING,2
PRISONER,2
CANTEENS,2
PRIVATISATION,2
ROTARY,2
ENDANGERED,2
LAMBS,2
INSURERS,2
SAME-SEX,2
QUANTITY,2
RELATIONSHIPS,2
BERRY,2
NOT-FOR-PROFITS,2
DISALLOWANCE,2
THAILAND-AUSTRALIA,2
GROUNDS,2
INITIATIVES,2
BENCHMARK,2
WAGES,2
CRIMINOLOGY,2
PARENTS,2
MILLION,2
EMPLOYEE,2
NURSE,2
HAZARDOUS,2
CONSTITUTIONAL,2
LESSEES,2
IMPORTED,2
LITIGATION,2
PREMISES,2
FAIRNESS,2
ASTRONOMICAL,2
PROSTHESES,2
INNOVATION,2
GOAT,2
FACILITIES,2
TERRITORIAL,2
REDEMPTION,2
ROCK,2
PROSERPINE,2
ENHANCEMENTS,2
PINE,2
EQUINE,2
WHALE,2
REGISTERED,2
ORDER,2
BUNKER,2
FRAMLINGHAM,2
MARGINAL,2
SEEKERS,2
SCIENTIFIC,2
CITRUS,2
ENROLMENT,2
CENTENNIAL,2
BODIES,2
REPORT,2
STATUS,2
AS,2
DIVIDEND,2
CANVAS,2
DIRECTORS,2
RECREATIONAL,2
INJECTION-MOULDING,2
LOST,2
STRUCTURED,2
WAGGA,2
SHEEP,2
INTER-GOVERNMENT,2
DOCTOR,2
MORATORIUM,2
VINYL,2
UNEARNED,2
VICTORIAN,2
FIVE,2
MAINTENANCE,2
DEPOSIT-TAKING,2
COOPERATION,2
MINIMUM,2
PORTFOLIO,2
GLADSTONE,2
SITU,2
CO-OPERATION,2
DEDUCTIONS,2
KOONGARRA,2
SOIL,2
DOLLARS,2
LINER,2
GREEN,2
SHIPWRECKS,2
ACQUISITIONS,2
VELVET,2
HIH,2
SPECIES,2
PROJECT,2
STOCKS,2
DOCKYARD,2
SURVEILLANCE,2
LONG-TERM,2
SULTANA,2
FOUNDATION,2
SWITCH-OVER,2
BURDEN,2
TICKET,2
REMOTE,2
BRIBERY,2
SKILLING,2
IMMUNISATION,2
APPOINTMENTS,2
PRIVILEGE,2
HILL,2
DISCHARGE,2
EXCEPTIONAL,2
SUPERPHOSPHATE,2
PARTNER,2
SHORT,2
BROADBAND,2
CONDITIONERS,2
REINSURANCE,2
DISPOSAL,2
POOL,2
COMPLEMENTARY,2
OFFICER,2
REDUCING,2
PROPRIETARY,2
YARNS,2
FACILITY,2
EIGHTY-TWO,2
GOVERNOR-GENERALS,2
FILE,2
SICKNESS,2
CONSTITUTIONALLY,2
SEWERAGE,2
STRIKE,2
COALFIELD,2
EMIGRATION,2
RESIDENTIAL,2
CONSULTATIVE,2
LONDON,2
GAP,2
INSPECTOR,2
REVITALISING,2
MALAYSIA-AUSTRALIA,2
RE-REGISTRATION,2
TIN,2
BALLAST,2
FLEXIBLE,2
ARCHIVE,2
SOUND,2
CHARGES--CUSTOMS,2
SOLDIER,2
UNDERPAYMENTS,2
INTEGRATED,2
US,2
CROSS-BORDER,2
.,2
ASYLUM,2
RESALE,2
FEE,2
PRUNE,2
DEPOT,2
WITNESS,2
PAUSE,2
ILLEGAL,2
INFLUENZA,2
REGIME,2
FARMS,2
BULGARIA,2
CUT-OVER,1
WRENCHES,1
GROWING,1
TOWNSHIP,1
PATENT,1
UNITISATION,1
CAPTAINS,1
WORKMENS,1
ENTRY,1
ANNEXE,1
RECIPROCAL,1
ANTI-SIPHONING,1
FRANCE,1
AFRICAN,1
ELIGIBILITY,1
+,1
REMOVING,1
COMMON,1
PROSECUTORS,1
AEROSPACE,1
CAPITALISATION,1
ACCOUNTING,1
ATSIC,1
ADVERTISEMENTS,1
INBOUND,1
HARVESTERS,1
WHYALLA,1
GWALIA,1
TISSUE,1
AROMATIC,1
METHODS,1
SECRET,1
PACKAGE,1
NAMOI,1
LEAF,1
RE-IMBURSEMENT,1
ORE,1
UTILITY,1
BODY,1
ANIMALS,1
PARAMEDICAL,1
VIRUS,1
AASB,1
SURGERY,1
INTERGOVERNMENTAL,1
PROTOCOL,1
RE-APPROVAL,1
DEVICE,1
CONTINENCE,1
HAVEN,1
RAISING,1
SCHOOLKIDS,1
HEAVY,1
COMSUPER,1
SOURCE,1
CONDITIONS,1
ASBESTOS,1
ELECTOR,1
CLUSTER,1
SERVITUDE,1
TELEPHONES,1
UNAUTHORISED,1
MINISTERIAL,1
TELEPHONE,1
PHOTOGRAPHIC,1
PROFIT,1
NINETEEN,1
INAPPROPRIATE,1
SALINITY,1
SEALS,1
REINSTATEMENT,1
VALIDATIONS,1
ASSETS-INTEGRITY,1
FUND-EXCISE,1
PARKING,1
ANCILLARY,1
AFP,1
NINETY-ONE,1
DECLARATORY,1
CREW,1
CONCERN,1
COURTS-MARTIAL,1
AIDS,1
DESERTED,1
CUTS,1
IMMIGRANTS,1
COMMUNITIES,1
TRANSPORT-CONSEQUENTIAL,1
WORKER,1
OVERPAYMENTS,1
DONATION,1
SELF-DETERMINATION,1
LENDING,1
BREAK,1
ADJUSTABLE,1
GRANTED,1
AGENDA,1
SUSTAINING,1
ONLINE,1
DIVORCE,1
SJUPREME,1
MILL,1
LEASES,1
GRAFTON-SOUTH,1
THIRTY-TWO,1
R,1
ARRANGEMENTS-CONSEQUENTIAL,1
ENGINE,1
HOUSES,1
GEOPHYSICAL,1
ROUMANIA,1
CZECHOSLOVAKIA,1
CHIEF,1
FORTY-FOUR,1
DOLE,1
WET,1
FARMING,1
PARALLEL,1
PETERMANN,1
PARTIAL,1
FREQUENCY,1
TROPICS,1
SHARED,1
SURRENDER,1
RESTART,1
EMBRYOS,1
VARIETY,1
MECHANISMS,1
COMPANIES-INTEGRITY,1
SUCH,1
BOAT,1
MULTINATIONAL,1
INNOVATIVE,1
C,1
GENUINE,1
CLOSER,1
PROVIDED,1
PROVIDER,1
COVERED,1
STATEMENTS,1
IMPERIAL,1
PASTORAL,1
EXERCISE,1
SHORT-TERM,1
SRC,1
ADIS,1
REPORTABLE,1
LOW-ALCOHOL,1
MAJOR,1
GRAFTON,1
UNPROTECTED,1
OFFICIALS,1
COMMUTATIONS,1
BLACK,1
APPLICATIONS,1
RELATING,1
PREGNANCY,1
RECRUITMENT,1
EMPLOYMENT-RELATED,1
RETURNED,1
ANTITRUST,1
RESIDENT,1
HPV,1
RESTRUCTURES,1
ESTIMATE,1
SAMOA,1
SEYMOUR,1
WARTIME,1
DIVERSION,1
SIGNIFICANCE,1
REFUGEES,1
PETROL,1
PRESERVING,1
AUSTGRALIAN,1
OAKDALE,1
COLLECTIVE,1
WIVES,1
EMERGENCIES,1
FABRICS,1
FERTILIZARS,1
STARCH,1
CHARGE--FIXED,1
ENVIROMENT,1
LONGER,1
PETHERICK,1
CHILDCARE,1
HINDMARSH,1
PROCLAMATION,1
PREVENTIVE,1
PODIATRIC,1
AUTHENTICATION,1
BILATERAL,1
AMENTMENT,1
PAPUA-NEW,1
PROOFING,1
AQUISITION,1
SEASONAL,1
ACAC,1
JAMES,1
GAME,1
AVOIDANCE,1
PLATFORMS,1
TEA,1
BARGAINING,1
GERMANY,1
TAX-VENDORS,1
AUDITOR,1
CORD,1
CORE,1
ZOOLOGICAL,1
JAPANESE,1
FIFTY-FIVE,1
HOW-TO-VOTE,1
PROXY,1
CONSEQUENTIALL,1
IDENTIFYING,1
SCHNAPPER,1
KIMBA,1
REPAYMENT,1
DAWSON,1
RE-ENACTMENT,1
CASUAL,1
CUSTOMSDEFICIT,1
SPLITTING,1
BUYBACK,1
GIFTS,1
HEAD-DUAL,1
REASONABLE,1
DECLARED,1
WOOLLEN,1
VALUE,1
HOP,1
TOLERANCE,1
REQUESTS,1
ABATEMENT,1
SCOUTS,1
STORES,1
RESIDUAL,1
PEOPLES,1
LEMONTHYME,1
PRINTED,1
MANDARIN,1
FULL,1
CORAL,1
LEASE,1
EIGHTY-SEVEN,1
SEAMEN’S,1
PLASTIC,1
OFFICEHOLDERS,1
AQUATIC,1
WIDOWER,1
FLAT,1
COMMONWEALTH-,1
AFRICA,1
AUSTRALIAN-RESIDENT,1
BENEFITS--COST,1
CORONATION,1
ERADICTION,1
DISASTER,1
DEFINITION,1
BRANCHES,1
EXECUTIVE,1
ANTI-HOAX,1
COOPEREATION,1
SOLICITOR-GENERAL,1
EXPORTATION,1
FORESTS,1
AGHS,1
BAR,1
ANTI-FOULING,1
AMENITIES,1
DOMINANCE,1
NEWLY,1
FUND-CUSTOMS,1
ALLOWANCES-TRANSITIONAL,1
FINES,1
SURCHARGES,1
CANCER,1
ROBOTS,1
CULTIVATION,1
BOARDS,1
COMPREHENSIVE,1
DISCRETIONARY,1
COMBATING,1
OVERS,1
ICSID,1
COMPUTERS,1
RECIPROCITY,1
TARCOOLA,1
RU,1
SCHOLARSHIPS,1
PHOENIXING,1
RE,1
VIABILITY,1
CHOICES,1
BASE,1
TPS,1
APPRENTICESHIP,1
name,1
POISONS,1
TRANSPARENCY,1
REDISTRIBUTION,1
COMMISSIAN,1
STATUTES,1
RATITE,1
VICTIMS,1
BANDS,1
HARDIE,1
SEEKER,1
CLARITY,1
END,1
MONITOR,1
G,1
TELEGRAPHS,1
PROLIFERATION,1
MORGAN-WHYALLA,1
TECHNOLOGIES,1
KAKADU,1
CHARITABLE,1
TWENTY-THOUSAND,1
REFINEMENTS,1
REQUIREMENT,1
LAKES,1
PRESENT,1
EDUCATIONAL,1
DEATHS,1
CFM,1
HELD,1
TELEPHONIC,1
SHARES-FEES,1
AMENDING,1
FLIGHT,1
DE,1
GREECE,1
DR,1
SMOKING,1
SUICIDE,1
REGISTRY,1
FIXED,1
COUNTERVAILING,1
AGEING,1
MENINDEE,1
REMEDIES,1
TAX-PROMOTERS,1
LAWS--SUPERANNUATION,1
BOUNDARIES,1
EQUILIZATION,1
CERTIFICATES,1
ASSISTANCE-BINDING,1
SILVER,1
UNLISTED,1
MIGRANT,1
CITATION,1
INCIDENT,1
DEALERSHIP,1
VALUATION,1
GWYDIR,1
SCHOOLING,1
COMPRESSORS,1
PREPARATIONS,1
GOOGONG,1
RSAS,1
CASA,1
COMBAT,1
TUNNEL,1
HATRED,1
YOUNG,1
DISCIPLINE,1
STATISTICAL,1
BACKGROUND,1
BLOWERING,1
REGISTRARS,1
ACOUSTIC,1
CARMEN,1
SOFTWARE,1
ADMISSION,1
%,1
FARES,1
CONCLUSIVE,1
CHRYSOTILE,1
HARMFUL,1
PRE-POLL,1
BOY,1
VACANCIES,1
BETTER,1
CRESSY-LONGFORD,1
MOOMBA-SYDNEY,1
UMP,1
MADRID,1
FIFTEEN,1
BLACKOUT,1
DISQUALIFICATIONS,1
AWARDS,1
COUNTERING,1
SPECIALISTS,1
INTERCEPTION-CARRIERS,1
RELAY,1
CHAIRMAN,1
WOMENS,1
FAULT,1
LIQUOR,1
PLEBISCITES,1
DEMUTUALISATION,1
GURANTEE,1
FUND-GENERAL,1
ABOLISHING,1
GAMING,1
MAXIMUM,1
OFFSET,1
SUSTAINABLE,1
INDUSTERIES,1
TAXPAYER,1
AUTONOMOUS,1
CHECKING,1
ROUTE,1
PERMANENT,1
ISSUES,1
LIVER-STOCK,1
NZ,1
NUMBERS,1
MUNITIONS,1
FIREFIGHTERS,1
JETTY,1
STREAMS,1
SENTENCING,1
STRUCTURAL,1
FBT,1
SUNSET,1
OFFENDERS,1
NON-COMPLIANCE,1
SENIOR,1
BOMBINGS,1
TAKE,1
FIRE,1
NATION-BUILDING,1
HISTORY,1
TALLIES,1
DATUM,1
INVENTORY,1
VEGETABLE,1
SPONSORED,1
MARREE,1
WIDOW,1
PROTOCOLS,1
RESCUE,1
RTGHTS,1
STAND-BY,1
SWIMMING,1
MOBILITY,1
USES,1
"""POINTS""",1
CONTRACT,1
HAMAS,1
DRIVEN,1
BABY,1
WILUNA,1
SIXTY-FIVE,1
DRAFTING,1
MOULDING,1
BEND,1
CROSS-VESTING,1
GRAZIERS,1
SURCHARGE--FRINGE,1
WEIR,1
DELAYED,1
WESTMINSTER,1
MILLEWA,1
HIJACKING,1
ADVANTAGE,1
DISASTERS,1
EXPEDITIONARY,1
BAILLIEU,1
UNDISTRIBUTED,1
TRAINEES,1
PRODUCER,1
BLUETONGUE,1
ASIA,1
BLOOD,1
HANDGUN,1
NEWSTART,1
METRIC,1
RAIL,1
EIGHTY,1
MAKO,1
MANUFACTURERS,1
CLARE,1
SLAVERY-LIKE,1
TRAINED,1
REVISIONS,1
LINK,1
BLENDING,1
FLYING,1
FOREIGN-OWNED,1
AIDC,1
INSTITUTION,1
SCHEME--NEW,1
LOGO,1
SIGNIFICANT,1
ALLOYS,1
PRINCIPLES,1
ANNULMENT,1
ABORIGINALS,1
CONTEMPT,1
ANZAC,1
TAX--MINOR,1
AUSTRIA,1
EXHIBITION,1
SHARES-FEES:,1
NEUTRALITY,1
ACTING,1
SUPER-PHOSPHATE,1
CELEBRATION,1
INTERSEX,1
EYRE,1
MODERNISING,1
CONTOLS,1
ORIENTATION,1
DETERRING,1
COAST,1
INJECTION,1
PROGRAMME,1
PAYMENTSACT,1
THRESHOLDS,1
KEMIRA,1
INTERNATIONALLY,1
SCHEDULE,1
REPROCITY,1
LAWS--GENERAL,1
RESEARACH,1
RETRANSMISSION,1
THIRTY,1
BITS,1
SMUGGLED,1
UNDESIRABLE,1
DUCK,1
YEARS,1
EARLIER,1
LAUNCESTON,1
VACCINATION,1
VULNERABLE,1
AUASB,1
ACHIEVEMENT,1
DIVISION,1
ALLOWANCE-TRANSITIONAL,1
AEMO,1
ROTTERDAM,1
OTC,1
HMAS,1
ROLL,1
TAILEM,1
MONEYS,1
TABLING,1
PIRIE,1
CLARKE,1
THEFT,1
ARRIVED,1
LOCATION,1
VILLAGES,1
THIS,1
CLEARING,1
EMPLOYERS,1
THIN,1
SITTINGS,1
MONTREAL,1
CITIZEN,1
CANNERY,1
AMENDEMENT,1
APPROVAL,1
FORTY-EIGHT,1
EXTENDING,1
VIDEO,1
POLICING,1
SMALL-SCALE,1
STROKE,1
REPURCHASE,1
CHARGE-CUSTOMS,1
MINOR,1
ASX,1
STIRLING,1
PURPOSE,1
ETHANOL,1
CONCENTRATES,1
RESIDENCE,1
WARRANTS,1
SUBSIDIARY,1
ORGAN,1
MARABOON,1
IMPUTATION,1
POVERTY,1
ROLLED-OVER,1
CARTER,1
LOCK,1
INTEGRATION,1
YORK,1
DALTON,1
CARTEL,1
CHOWILLA,1
PRE-TRANSFER,1
CHICKENS,1
CAREER,1
KINCHANT,1
DISEASES,1
HIZBALLAH,1
BROKERS,1
TYRE,1
MEDIATION,1
ALLOY,1
WHITE,1
SOUTH-EAST,1
OPERATING,1
OODNADATTA,1
PARTY,1
COMMUNIST,1
DEFICITS,1
MRCA,1
GROWTH,1
COSMETICS,1
PENICILLIN,1
NINETY-THREE,1
MORAL,1
CHEQUE,1
SECRETARIES,1
CONNECTING,1
COLLIERIES,1
QUARANTIME,1
RELEASE,1
OBJECTS,1
PRECISION,1
EXPANSION,1
REGISTRATION-CONSEQUENTIAL,1
TOP-UP,1
PARTNERSHIP,1
SOLICITOR,1
GAUGE,1
DISCLOSURES,1
CODIFYING,1
OTHERS,1
MIDWIVES,1
PROCESSORS,1
IDENTIFICATION,1
DATA-CONSEQUENTIAL,1
CITRIC,1
TENDERS,1
MELBOURNE,1
OVER-FRANKING,1
GRAVES,1
GENOCIDE,1
OPERATION,1
FINLAND,1
TSRA,1
DIVERTED,1
PROCEDURAL,1
SUPER,1
MAINTAINING,1
DISCRIMINATORY,1
COURSES,1
AUSTRALIA-JAPAN,1
DEMOCRATIC,1
RESTRUCTURING,1
BURMESE,1
PREMIUM,1
NOT-FOR-PROFIT,1
LIMIT,1
REBATES,1
SEAM,1
STROMLO,1
SUPPLEMENTAL,1
APPROPRIATE,1
TURNBACK,1
FTB,1
COMPLETION,1
EXTRA,1
JULIUS,1
LISTENING,1
NON-INSURANCE,1
DIRECTIONS,1
ABORGINAL,1
ADMINISTRATOR,1
GENDER,1
INOPERATIVE,1
TRANS-PACIFIC,1
LOGGING,1
QUEEN,1
RESERVATION,1
OPERATIONS,1
HIRE-PURCHASE,1
VALUATIONS,1
LINES,1
PRIORITIES,1
CAPABILITY,1
ALIENATION,1
SETTLERS,1
ENGINES,1
INFORMERS,1
EUTHANASIA,1
MULTILATERAL,1
INVOLVING,1
SPORTING,1
HOSTAGES,1
CENTURY,1
ASSEMBLY,1
CROSS,1
MISBEHAVIOUR,1
ROSS,1
END-USE,1
HOLIDAY,1
DEFERRED,1
MANAGER,1
FIFTY-TWO,1
CONVERGENCE,1
CSL,1
DOCTORS,1
WASHINGTON,1
DARTMOUTH,1
BENEFITS-BUDGET,1
ARREST,1
SHEPPARTON,1
GLEBE,1
TEST-BAN,1
NON-REVIEWABLE,1
INSULATION,1
METERS,1
TWENTY-EIGHT,1
LEASING,1
MASS,1
EMBRYO,1
INVESTIGATIONS,1
FATCA,1
ON-AIRPORT,1
NON-BUDGET,1
SEPARATION,1
SELLING,1
REPRODUCTION,1
REFINED,1
DEMERGERS,1
UP-FRONT,1
CLIMATE,1
DURATION,1
BAIL,1
ADMIRALTY,1
ENTITIES,1
AUSTUDY,1
FIFTH,1
EPIDEMIOLOGICAL,1
REFUNDS,1
METALS,1
FORWARD,1
VIOLENCE,1
CONSEREVATION,1
ONCOLOGY,1
PROHIBITED,1
DEPLOYMENT,1
HONESTY,1
SESSION,1
REPRESENTATIONS,1
KEITH,1
COOPERATIVE,1
MOTORS,1
ADOPTION,1
SONS,1
REFRIGERATION,1
SAFETY-NETS,1
REFERENDUMS,1
LAYOUTS,1
RATIONING,1
ADVOCATE,1
LISTING,1
FORMULA,1
BROADCASTS,1
CLOSELY,1
BELGIAN,1
REFERRALS,1
DISPUTED,1
ANTI-PERSONNEL,1
MEDIBANK,1
DISPUTE,1
SELECTION,1
WEIPA,1
LANDCARE,1
STAFF,1
PORTABILITY,1
SIXTY-TWO,1
HAGUE,1
SECT,1
INTERNMENT,1
PUNISHMENT,1
RADIUM,1
DRAMA,1
PRECIOUS,1
SCHEME--INITIAL,1
WATERWORKS,1
SPECIMEN,1
ANTI-AVOIDANCE,1
MIRROR,1
UN-EMPLOYMENT,1
GUARDS,1
OMNIBUS,1
WHOLESALE,1
GOVERNORS-GENERAL,1
WAGE,1
DETECTION,1
STIMULUS,1
REFERRAL,1
LEETON,1
MARKING,1
PRACTITIONER,1
TOOL,1
CRUDE,1
FACTO,1
CMMONWEALTH,1
APEC,1
EVENTS,1
LAWRENCES,1
TWENTY-TWO,1
CITIZENS,1
TRANSPLANTATION,1
ADVANCE,1
INCURSIONS,1
PORBEAGLE,1
SWITZERLAND,1
CHARGE--GENERAL,1
MEASURES-PHARMACEUTICAL,1
SETTLEMENTS,1
COORDINATOR-GENERAL,1
DERIVATIVE,1
FRAUD,1
TRAPS,1
PROPORTIONAL,1
DISSOLUTION,1
ARMY,1
ANTI-PEOPLE,1
SIMPLIFYING,1
ABROAD,1
BRAZIL,1
EVASION,1
SIXTY-SEVEN,1
MEMORIALS,1
INVOLVEMENT,1
COUNTRY,1
POST-RETIREMENT,1
INCAPACITY,1
MILLS,1
DERBY,1
AMENDMENTS--EXCISE,1
MINT,1
PRECINCTS,1
BELGIUM,1
INTREGITY,1
CHILDREN--CRIMINAL,1
LASHKAR-E-TAYYIBA,1
DAD,1
FRUIT-GROWERS,1
WILLIAMSTOWN,1
DESTRUCTION,1
DIVISIONS,1
SHARKS,1
PRINCIPAL,1
